time,high,low,open,volumefrom,volumeto,close,conversionType,conversionSymbol
2022-11-05,21471.49,21085.76,21150.6,33103.84,706196028.56,21301.57,direct,
2022-11-06,21363.27,20893.65,21301.57,27700.95,586960236.65,20910.59,direct,
2022-11-07,21066.63,20395.49,20910.59,72622.36,1506814091.81,20593.73,direct,
2022-11-08,20672.25,17452.87,20593.73,208299.18,4026079371.74,18544.7,direct,
2022-11-09,18581.64,15546.97,18544.7,245518.91,4215919087.89,15820.02,direct,
2022-11-10,18113.28,15674.81,15820.02,167486.58,2835119228.72,17559.67,direct,
2022-11-11,17644.1,16383.43,17559.67,103948.83,1767514338.22,17007.72,direct,
2022-11-12,17067.53,16603.78,17007.72,34631.17,582536367.95,16773.9,direct,
2022-11-13,16921.72,16235.01,16773.9,35382.36,586182485.99,16307.47,direct,
2022-11-14,17157.81,15797.71,16307.47,84268.36,1384247874.05,16592.04,direct,
2022-11-15,17091.76,16509.15,16592.04,76202.66,1282932319.76,16879.14,direct,
2022-11-16,16988.63,16373.11,16879.14,64606.13,1075046774.52,16648.05,direct,
2022-11-17,16731.41,16405.81,16648.05,39166.08,650179026.0,16680.21,direct,
2022-11-18,16975.14,16531.77,16680.21,45048.23,753255014.89,16677.95,direct,
2022-11-19,16798.75,16539.01,16677.95,17003.18,282884885.11,16683.72,direct,
2022-11-20,16730.0,16169.2,16683.72,28587.86,470894190.07,16253.6,direct,
2022-11-21,16272.47,15480.69,16253.6,80853.23,1289350720.98,15760.19,direct,
2022-11-22,16277.08,15600.3,15760.19,74140.47,1184556737.9,16198.25,direct,
2022-11-23,16676.49,16144.79,16198.25,66057.37,1087435133.37,16590.98,direct,
2022-11-24,16787.9,16453.52,16590.98,37641.28,624934230.62,16588.46,direct,
2022-11-25,16605.86,16336.71,16588.46,34733.48,572460119.25,16508.33,direct,
2022-11-26,16687.21,16382.61,16508.33,20929.5,346443601.6,16451.53,direct,
2022-11-27,16587.18,16401.91,16451.53,18193.37,300543689.5,16420.87,direct,
2022-11-28,16477.82,16000.76,16420.87,53565.6,867757025.61,16207.01,direct,
2022-11-29,16528.39,16096.7,16207.01,50846.01,833578637.87,16431.79,direct,
2022-11-30,17216.6,16424.76,16431.79,86349.91,1460126671.64,17162.35,direct,
2022-12-01,17255.22,16865.92,17162.35,57361.34,978462617.82,16978.64,direct,
2022-12-02,17102.08,16827.01,16978.64,45492.23,771518084.81,17094.49,direct,
2022-12-03,17152.49,16868.66,17094.49,24699.47,419139334.98,16888.31,direct,
2022-12-04,17194.4,16884.91,16888.31,29823.7,508091945.23,17111.76,direct,
2022-12-05,17409.45,16879.12,17111.76,62808.12,1077884559.22,16966.84,direct,
2022-12-06,17101.02,16917.86,16966.84,47766.64,811906594.36,17086.52,direct,
2022-12-07,17126.91,16713.28,17086.52,42127.95,710367336.21,16837.85,direct,
2022-12-08,17286.64,16757.86,16837.85,48682.69,827814503.9,17226.02,direct,
2022-12-09,17319.38,17077.4,17226.02,41460.2,712368959.63,17126.85,direct,
2022-12-10,17221.25,17102.71,17126.85,17288.71,296657331.89,17129.19,direct,
2022-12-11,17259.64,17080.42,17129.19,22135.09,379827965.39,17094.83,direct,
2022-12-12,17239.13,16881.75,17094.83,43450.3,739369625.44,17208.66,direct,
2022-12-13,17945.07,17096.23,17208.66,80026.6,1407400841.45,17775.32,direct,
2022-12-14,18344.32,17684.33,17775.32,84917.12,1523737945.31,17801.37,direct,
2022-12-15,17853.72,17296.89,17801.37,68490.07,1200283423.38,17359.21,direct,
2022-12-16,17520.63,16611.58,17359.21,88776.6,1508594012.33,16658.44,direct,
2022-12-17,16794.06,16593.68,16658.44,40996.08,684665347.29,16780.55,direct,
2022-12-18,16830.84,16673.02,16780.55,25188.36,421765916.48,16742.74,direct,
2022-12-19,16813.47,16350.32,16742.74,63181.42,1050395879.84,16442.79,direct,
2022-12-20,17028.68,16404.94,16442.79,78296.38,1315229591.09,16901.12,direct,
2022-12-21,16922.92,16737.8,16901.12,42277.5,711271059.5,16821.13,direct,
2022-12-22,16860.78,16571.31,16821.13,48646.01,814340454.91,16816.01,direct,
2022-12-23,16907.78,16763.01,16816.01,46894.6,789038908.8,16780.97,direct,
2022-12-24,16857.81,16779.49,16780.97,17417.89,293139806.69,16837.16,direct,
2022-12-25,16850.93,16736.37,16837.16,17605.22,295850564.63,16829.1,direct,
2022-12-26,16926.73,16796.91,16829.1,20635.79,347724478.09,16916.07,direct,
2022-12-27,16960.3,16606.04,16916.07,42994.72,720956171.23,16700.54,direct,
2022-12-28,16767.99,16471.35,16700.54,54253.61,901583901.63,16540.47,direct,
2022-12-29,16650.11,16487.13,16540.47,41148.04,682471478.61,16631.24,direct,
2022-12-30,16637.25,16364.76,16631.24,53276.85,880260779.52,16599.47,direct,
2022-12-31,16625.46,16487.05,16599.47,27594.76,456998456.42,16531.31,direct,
2023-01-01,16619.82,16502.85,16531.31,20256.16,335220861.58,16613.87,direct,
2023-01-02,16768.07,16544.15,16613.87,30159.75,503360386.62,16670.08,direct,
2023-01-03,16766.7,16605.01,16670.08,37684.59,628582193.83,16670.16,direct,
2023-01-04,16972.62,16651.02,16670.16,58841.99,990689260.54,16846.82,direct,
2023-01-05,16869.84,16764.64,16846.82,31174.48,524511536.58,16825.87,direct,
2023-01-06,17013.77,16687.42,16825.87,52488.7,883642131.54,16946.16,direct,
2023-01-07,16972.62,16905.39,16946.16,11628.45,196915427.54,16942.73,direct,
2023-01-08,17132.21,16913.28,16942.73,21159.6,359149910.85,17115.81,direct,
2023-01-09,17387.59,17103.2,17115.81,73779.59,1271943559.93,17179.03,direct,
2023-01-10,17484.36,17148.57,17179.03,57628.21,997764944.91,17442.44,direct,
2023-01-11,17986.45,17324.71,17442.44,63571.7,1113334370.52,17938.0,direct,
2023-01-12,19092.31,17906.4,17938.0,122644.76,2252897545.61,18849.0,direct,
2023-01-13,19992.23,18717.45,18849.0,94611.39,1820146569.6,19932.05,direct,
2023-01-14,21255.15,19895.77,19932.05,107073.42,2223938908.13,20954.52,direct,
2023-01-15,21047.91,20575.44,20954.52,44461.09,924310249.74,20878.94,direct,
2023-01-16,21438.83,20635.89,20878.94,66430.52,1399257790.94,21188.92,direct,
2023-01-17,21555.18,20866.41,21188.92,55706.36,1181967488.8,21136.12,direct,
2023-01-18,21624.6,20411.68,21136.12,82422.66,1733563128.99,20678.47,direct,
2023-01-19,21180.98,20670.44,20678.47,54649.2,1141134569.38,21082.28,direct,
2023-01-20,22724.89,20884.26,21082.28,82923.31,1793127005.71,22676.2,direct,
2023-01-21,23327.14,22465.82,22676.2,96424.84,2212422402.47,22789.92,direct,
2023-01-22,23072.22,22343.13,22789.92,62351.77,1419749432.93,22714.99,direct,
2023-01-23,23154.59,22585.74,22714.99,70990.57,1622068993.43,22917.47,direct,
2023-01-24,23159.62,22485.0,22917.47,78065.25,1788469593.53,22637.8,direct,
2023-01-25,23801.04,22354.6,22637.8,88106.3,2010835832.21,23066.28,direct,
2023-01-26,23268.02,22870.4,23066.28,64065.53,1477492373.79,23009.15,direct,
2023-01-27,23485.53,22594.06,23009.15,65135.66,1499524205.45,23077.75,direct,
2023-01-28,23181.57,22895.7,23077.75,20229.78,465656885.65,23031.02,direct,
2023-01-29,23948.42,22981.04,23031.02,57693.1,1356557545.16,23747.26,direct,
2023-01-30,23796.62,22577.01,23747.26,73408.97,1699735992.01,22833.34,direct,
2023-01-31,23271.14,22725.41,22833.34,49746.31,1144361734.86,23129.7,direct,
2023-02-01,23799.9,22792.33,23129.7,50174.15,1166002955.1,23730.52,direct,
2023-02-02,24229.18,23423.04,23730.52,57852.6,1378661476.28,23470.8,direct,
2023-02-03,23709.93,23230.74,23470.8,40956.08,961229252.16,23437.21,direct,
2023-02-04,23582.26,23268.8,23437.21,14312.36,334962158.54,23332.1,direct,
2023-02-05,23429.68,22796.98,23332.1,27262.45,628865943.88,22940.79,direct,
2023-02-06,23147.93,22655.5,22940.79,40112.72,918256802.27,22761.44,direct,
2023-02-07,23343.29,22752.6,22761.44,37031.49,852489794.18,23252.78,direct,
2023-02-08,23407.79,22688.45,23252.78,32423.41,746102368.06,22961.13,direct,
2023-02-09,23000.67,21741.16,22961.13,72685.0,1626493846.29,21807.55,direct,
2023-02-10,21940.0,21495.4,21807.55,52389.7,1139170302.72,21634.86,direct,
2023-02-11,21897.19,21611.54,21634.86,17100.45,371394433.41,21862.19,direct,
2023-02-12,22081.41,21659.69,21862.19,27490.57,601407332.2,21790.14,direct,
2023-02-13,21895.37,21407.31,21790.14,58725.99,1271661452.37,21787.77,direct,
2023-02-14,22308.02,21587.95,21787.77,51049.58,1121665134.71,22208.56,direct,
2023-02-15,24338.52,22059.91,22208.56,70450.63,1636571319.77,24332.21,direct,
2023-02-16,25233.22,23522.57,24332.21,89399.75,2195432803.47,23533.22,direct,
2023-02-17,25012.32,23368.98,23533.22,83842.0,2024871806.46,24578.28,direct,
2023-02-18,24854.76,24454.5,24578.28,22334.7,550069111.96,24638.27,direct,
2023-02-19,25175.28,24253.13,24638.27,43529.32,1073608902.53,24287.53,direct,
2023-02-20,25098.8,23873.19,24287.53,54396.11,1341924666.63,24838.09,direct,
2023-02-21,25216.35,24168.6,24838.09,68937.6,1699888067.11,24450.5,direct,
2023-02-22,24471.79,23597.76,24450.5,71228.71,1707889533.14,24186.92,direct,
2023-02-23,24595.08,23629.29,24186.92,67725.34,1630064365.85,23941.1,direct,
2023-02-24,24125.33,22830.91,23941.1,68652.11,1610829236.2,23189.78,direct,
2023-02-25,23218.2,22809.19,23190.14,24727.95,569329617.92,23168.68,direct,
2023-02-26,23671.2,23068.22,23168.68,27073.82,632282012.46,23557.29,direct,
2023-02-27,23884.1,23148.47,23557.29,45081.05,1057863335.56,23492.86,direct,
2023-02-28,23595.27,23038.65,23492.86,34862.93,814380395.42,23137.23,direct,
2023-03-01,23980.02,23036.22,23137.23,45323.52,1070132297.9,23642.8,direct,
2023-03-02,23794.81,23210.39,23642.8,34727.29,813452928.16,23467.23,direct,
2023-03-03,23477.22,22134.9,23467.23,59283.75,1328714697.97,22360.92,direct,
2023-03-04,22410.68,22177.19,22360.92,11840.22,264342272.32,22353.23,direct,
2023-03-05,22638.92,22243.05,22353.23,20875.88,468467084.05,22434.09,direct,
2023-03-06,22595.33,22311.67,22434.09,27089.91,607585243.32,22410.79,direct,
2023-03-07,22540.85,21951.39,22410.79,38893.98,865083425.31,22201.44,direct,
2023-03-08,22262.91,21628.01,22201.44,41232.56,907354581.02,21704.74,direct,
2023-03-09,21822.92,20113.96,21704.74,75232.11,1584851678.8,20370.48,direct,
2023-03-10,20371.25,19599.47,20370.48,105350.02,2103890132.26,20206.71,direct,
2023-03-11,20847.88,19895.33,20206.71,69435.51,1416403424.21,20613.6,direct,
2023-03-12,22224.01,20445.19,20613.6,63957.66,1352204877.06,22183.71,direct,
2023-03-13,24596.0,21896.85,22183.71,94501.71,2198916015.73,24207.1,direct,
2023-03-14,26522.41,24071.83,24207.1,110643.58,2783419006.43,24757.56,direct,
2023-03-15,25272.47,23946.02,24757.56,74114.24,1826358018.09,24372.11,direct,
2023-03-16,25211.23,24220.45,24372.11,55408.3,1372954004.0,25049.83,direct,
2023-03-17,27782.88,24945.9,25049.83,96426.82,2554985216.53,27441.41,direct,
2023-03-18,27749.91,26655.22,27441.41,48843.14,1335463761.57,26973.46,direct,
2023-03-19,28441.41,26901.66,26973.46,48163.58,1337898482.67,28040.29,direct,
2023-03-20,28539.63,27228.03,28040.29,65834.79,1838684361.11,27807.05,direct,
2023-03-21,28494.87,27416.8,27807.05,45696.4,1282225223.57,28188.11,direct,
2023-03-22,28902.98,26676.69,28188.11,81267.64,2277940781.79,27316.18,direct,
2023-03-23,28807.82,27190.13,27316.18,63194.55,1769187941.89,28345.7,direct,
2023-03-24,28421.94,27054.76,28345.7,52231.16,1456957038.0,27493.01,direct,
2023-03-25,27819.55,27186.95,27493.01,22474.29,618098148.62,27492.83,direct,
2023-03-26,28217.66,27448.83,27492.83,26394.91,734596186.26,27995.16,direct,
2023-03-27,28045.33,26551.46,27995.16,45933.42,1256153698.38,27146.01,direct,
2023-03-28,27527.5,26638.39,27146.01,36875.77,997573892.51,27266.08,direct,
2023-03-29,28643.21,27254.72,27266.08,49571.43,1396887121.69,28355.7,direct,
2023-03-30,29171.13,27735.19,28355.7,58696.25,1666973949.92,28040.71,direct,
2023-03-31,28651.82,27552.64,28040.71,45335.87,1278854661.75,28474.62,direct,
2023-04-01,28816.74,28263.72,28474.62,15689.96,446928904.2,28468.49,direct,
2023-04-02,28537.18,27885.3,28468.49,16366.29,461356032.51,28187.85,direct,
2023-04-03,28498.51,27292.3,28187.85,47462.93,1328993515.18,27809.04,direct,
2023-04-04,28441.54,27671.89,27809.04,32404.02,911124090.2,28177.23,direct,
2023-04-05,28766.02,27843.06,28177.23,37846.93,1072312476.98,28180.06,direct,
2023-04-06,28191.21,27736.36,28180.06,26094.3,730428566.02,28043.49,direct,
2023-04-07,28110.82,27786.82,28043.49,14575.83,407205241.71,27927.8,direct,
2023-04-08,28168.77,27879.51,27927.8,9261.95,259437156.74,27953.93,direct,
2023-04-09,28539.41,27825.42,27953.93,16329.18,459285638.27,28340.68,direct,
2023-04-10,29776.84,28179.73,28340.68,41851.84,1211248945.3,29655.75,direct,
2023-04-11,30558.49,29612.35,29655.75,47151.42,1420381272.66,30226.45,direct,
2023-04-12,30499.62,29710.91,30226.45,36421.26,1094799669.68,29905.56,direct,
2023-04-13,30603.93,29881.9,29905.56,31936.33,967351995.59,30407.76,direct,
2023-04-14,31020.32,30015.78,30407.76,48758.42,1491399385.72,30491.71,direct,
2023-04-15,30615.21,30237.51,30491.71,13596.83,413221716.15,30321.55,direct,
2023-04-16,30562.42,30155.49,30321.55,17283.22,524392638.12,30322.37,direct,
2023-04-17,30331.32,29265.91,30322.37,34966.91,1037503329.39,29446.34,direct,
2023-04-18,30485.26,29135.27,29446.34,36469.48,1095189891.18,30395.53,direct,
2023-04-19,30419.74,28615.79,30395.53,54525.22,1600523152.28,28821.91,direct,
2023-04-20,29094.98,28007.09,28821.91,41297.76,1180562733.76,28248.11,direct,
2023-04-21,28365.2,27173.44,28248.11,43368.57,1207725781.37,27261.17,direct,
2023-04-22,27883.77,27150.5,27261.17,17443.02,479603472.21,27820.73,direct,
2023-04-23,27822.57,27352.28,27820.73,18289.06,504160726.43,27596.85,direct,
2023-04-24,27988.76,26998.44,27596.85,34236.79,940115640.57,27520.93,direct,
2023-04-25,28394.39,27200.99,27520.93,31694.19,876191270.4,28308.07,direct,
2023-04-26,30016.54,27261.2,28308.07,79154.04,2278451179.33,28432.89,direct,
2023-04-27,29890.36,28397.94,28432.89,63333.86,1850604653.99,29483.94,direct,
2023-04-28,29600.91,28920.19,29483.94,35166.03,1030276785.7,29339.99,direct,
2023-04-29,29457.51,29078.4,29339.99,11330.73,332020115.89,29251.2,direct,
2023-04-30,29958.96,29113.64,29251.2,23251.07,685897041.94,29236.81,direct,
2023-05-01,29340.45,27680.56,29236.81,43941.31,1246630368.83,28086.77,direct,
2023-05-02,28895.93,27899.16,28086.77,32659.37,927486609.7,28694.7,direct,
2023-05-03,29278.11,28151.97,28694.7,40257.03,1150554649.51,29041.65,direct,
2023-05-04,29376.48,28702.7,29041.65,27573.93,799149017.42,28865.72,direct,
2023-05-05,29701.05,28852.44,28865.72,35426.26,1039027772.96,29548.51,direct,
2023-05-06,29853.13,28449.95,29548.51,24527.41,713641803.94,28943.98,direct,
2023-05-07,29212.06,28547.22,28943.98,16604.62,480627306.93,28572.81,direct,
2023-05-08,28786.01,27396.42,28572.81,40605.62,1136175854.67,27783.42,direct,
2023-05-09,27963.87,27510.12,27783.42,22925.76,634693185.14,27680.21,direct,
2023-05-10,28330.36,26840.62,27680.21,41945.8,1162217682.96,27628.73,direct,
2023-05-11,27642.56,26731.83,27628.73,29504.51,802346192.21,26991.62,direct,
2023-05-12,27092.93,25833.3,26991.62,42526.8,1123450368.34,26807.09,direct,
2023-05-13,27043.5,26705.45,26807.09,12502.23,335722601.8,26788.88,direct,
2023-05-14,27189.55,26611.92,26788.88,11877.98,319668371.39,26931.44,direct,
2023-05-15,27668.19,26759.29,26931.44,27959.1,764041771.98,27176.27,direct,
2023-05-16,27304.97,26869.45,27176.27,23994.43,649282623.49,27036.57,direct,
2023-05-17,27488.05,26565.39,27036.57,29196.37,788279620.49,27406.21,direct,
2023-05-18,27476.67,26379.63,27406.21,27707.43,749234030.86,26823.31,direct,
2023-05-19,27178.6,26668.92,26823.31,16460.59,442561192.0,26888.42,direct,
2023-05-20,27164.5,26840.23,26888.42,7375.52,199050865.32,27118.54,direct,
2023-05-21,27280.07,26691.06,27118.54,11973.11,322799242.35,26755.17,direct,
2023-05-22,27084.08,26548.27,26755.17,17684.89,474287648.56,26855.4,direct,
2023-05-23,27480.33,26808.03,26855.4,21235.04,578611517.74,27224.7,direct,
2023-05-24,27225.89,26092.06,27224.7,31836.22,843296169.29,26326.17,direct,
2023-05-25,26605.5,25882.27,26326.17,22984.71,604389199.53,26480.21,direct,
2023-05-26,26940.67,26338.96,26480.21,20356.54,542617989.88,26719.7,direct,
2023-05-27,26902.14,26585.34,26719.7,7427.77,198605797.63,26872.59,direct,
2023-05-28,28249.51,26789.58,26872.59,19785.88,543751511.42,28077.57,direct,
2023-05-29,28450.88,27546.65,28077.57,21644.99,604161699.4,27746.07,direct,
2023-05-30,28052.68,27568.98,27746.07,23615.79,656814149.04,27703.56,direct,
2023-05-31,27836.82,26853.57,27703.56,28352.48,770131646.3,27220.17,direct,
2023-06-01,27347.94,26628.22,27220.17,23979.7,645324727.67,26825.73,direct,
2023-06-02,27305.0,26519.23,26825.73,23786.38,643162971.0,27251.14,direct,
2023-06-03,27330.86,26946.35,27251.14,8092.89,219785033.16,27078.3,direct,
2023-06-04,27451.16,26964.17,27078.3,9147.43,248793311.51,27125.24,direct,
2023-06-05,27135.1,25411.77,27125.24,37219.66,973121005.98,25740.46,direct,
2023-06-06,27379.88,25380.61,25740.46,38336.34,1007782393.96,27269.02,direct,
2023-06-07,27423.02,26132.38,27269.02,30599.1,816508052.84,26348.91,direct,
2023-06-08,26816.33,26225.25,26348.91,15156.05,401604313.0,26509.09,direct,
2023-06-09,26777.91,26290.32,26509.09,16583.88,439912147.38,26483.81,direct,
2023-06-10,26533.58,25424.05,26483.81,31361.96,809187356.13,25856.18,direct,
2023-06-11,26214.2,25655.94,25856.18,13172.72,341057974.45,25937.58,direct,
2023-06-12,26099.5,25629.48,25937.58,17060.82,441188405.58,25905.64,direct,
2023-06-13,26425.22,25717.6,25905.64,23047.35,599487905.69,25928.94,direct,
2023-06-14,26074.14,24836.48,25928.94,26761.01,684056303.1,25125.73,direct,
2023-06-15,25740.96,24765.75,25125.73,32804.74,824201465.11,25574.36,direct,
2023-06-16,26479.27,25205.5,25574.36,27648.16,715401866.52,26330.59,direct,
2023-06-17,26780.79,26170.91,26330.59,12515.48,331591669.75,26510.43,direct,
2023-06-18,26686.77,26260.74,26510.43,9378.95,248624880.04,26338.0,direct,
2023-06-19,27036.32,26265.34,26338.0,17956.62,477713441.96,26842.09,direct,
2023-06-20,28407.13,26648.29,26842.09,45985.63,1265530107.38,28319.35,direct,
2023-06-21,30780.84,28276.59,28319.35,57981.94,1710075101.48,30000.55,direct,
2023-06-22,30499.85,29611.53,30000.55,34380.15,1034077333.64,29892.81,direct,
2023-06-23,31416.26,29818.21,29892.81,41294.22,1263857697.39,30705.39,direct,
2023-06-24,30811.37,30276.97,30705.39,13046.45,399256498.04,30548.2,direct,
2023-06-25,31051.66,30297.61,30548.2,13393.19,410384145.76,30473.64,direct,
2023-06-26,30658.58,29930.89,30473.64,21681.68,656487409.95,30271.91,direct,
2023-06-27,31013.13,30232.66,30271.91,22312.5,683163079.08,30696.99,direct,
2023-06-28,30714.46,29862.15,30696.99,19096.02,577536151.3,30078.9,direct,
2023-06-29,30833.99,30043.07,30078.9,21447.12,654120553.86,30447.17,direct,
2023-06-30,31272.25,29465.7,30447.17,47299.15,1438707503.25,30471.06,direct,
2023-07-01,30653.27,30321.27,30471.06,7261.71,221634243.18,30590.76,direct,
2023-07-02,30788.75,30181.34,30590.76,8660.66,264438993.35,30617.66,direct,
2023-07-03,31388.17,30575.7,30617.66,19619.43,606995802.76,31160.24,direct,
2023-07-04,31331.3,30638.68,31160.24,13276.48,411450957.26,30774.39,direct,
2023-07-05,30877.17,30201.06,30774.39,15878.7,484235780.2,30503.07,direct,
2023-07-06,31521.11,29869.18,30503.07,30802.77,942103548.67,29907.98,direct,
2023-07-07,30450.48,29725.12,29907.98,19368.34,584908167.72,30349.69,direct,
2023-07-08,30383.67,30056.18,30349.69,6360.91,192238272.3,30294.36,direct,
2023-07-09,30441.0,30074.68,30294.36,7139.62,216124236.01,30171.49,direct,
2023-07-10,31045.4,29964.03,30171.49,22193.83,674592681.26,30421.04,direct,
2023-07-11,30805.91,30314.1,30421.04,17665.77,539220942.45,30626.62,direct,
2023-07-12,30977.57,30214.19,30626.62,24693.12,755704294.14,30385.22,direct,
2023-07-13,31844.94,30259.09,30385.22,42344.72,1314075890.88,31475.78,direct,
2023-07-14,31636.78,29929.3,31475.78,33129.0,1021600213.08,30331.09,direct,
2023-07-15,30403.12,30258.91,30331.09,4925.15,149344124.18,30298.45,direct,
2023-07-16,30450.66,30083.92,30298.45,7411.25,224532522.64,30248.17,direct,
2023-07-17,30340.04,29675.15,30248.17,18560.1,558752237.54,30147.68,direct,
2023-07-18,30244.13,29538.16,30147.68,18759.37,560798877.42,29863.79,direct,
2023-07-19,30193.82,29765.06,29863.79,14893.37,446435257.92,29918.6,direct,
2023-07-20,30417.9,29577.88,29918.6,19269.41,577250260.25,29809.61,direct,
2023-07-21,30060.04,29737.09,29809.61,13254.74,395907301.04,29911.46,direct,
2023-07-22,30000.3,29635.44,29911.46,6111.68,182484169.27,29791.61,direct,
2023-07-23,30345.9,29738.58,29791.61,8140.53,244328645.64,30085.68,direct,
2023-07-24,30097.78,28860.94,30085.68,25436.68,744538575.95,29181.04,direct,
2023-07-25,29367.59,29054.49,29181.04,12141.51,354541899.17,29226.63,direct,
2023-07-26,29682.98,29098.81,29226.63,16583.36,486510821.91,29352.06,direct,
2023-07-27,29566.99,29082.04,29352.06,12727.55,373268935.18,29217.05,direct,
2023-07-28,29528.45,29121.24,29217.05,11707.43,342975082.63,29316.82,direct,
2023-07-29,29406.57,29258.14,29316.82,4989.17,146316009.97,29358.76,direct,
2023-07-30,29449.84,29043.43,29358.76,7661.41,224246250.77,29283.34,direct,
2023-07-31,29524.99,29108.82,29283.34,14553.25,426457343.16,29231.47,direct,
2023-08-01,29721.48,28564.09,29231.47,28319.33,822433494.24,29699.74,direct,
2023-08-02,30029.06,28914.46,29699.74,28507.89,838251477.68,29163.69,direct,
2023-08-03,29397.03,28945.61,29163.69,15427.08,450334651.17,29177.75,direct,
2023-08-04,29308.95,28794.51,29177.75,12900.38,375805085.38,29078.51,direct,
2023-08-05,29111.36,28953.98,29078.51,4135.0,120051247.27,29050.34,direct,
2023-08-06,29164.68,28962.89,29050.34,4361.16,126689336.09,29046.16,direct,
2023-08-07,29245.27,28672.37,29046.16,16388.65,475156597.17,29182.16,direct,
2023-08-08,30210.36,29111.88,29182.16,26561.94,786792606.34,29770.51,direct,
2023-08-09,30120.86,29356.43,29770.51,17933.09,532770863.32,29566.47,direct,
2023-08-10,29707.55,29319.58,29566.47,12722.06,375142806.93,29428.1,direct,
2023-08-11,29535.4,29219.56,29428.1,10550.47,310027638.11,29403.56,direct,
2023-08-12,29471.12,29356.08,29403.56,3495.96,102819295.5,29417.08,direct,
2023-08-13,29447.27,29257.12,29417.08,3928.8,115373186.78,29281.55,direct,
2023-08-14,29664.61,29082.39,29281.55,12333.02,362522208.47,29409.22,direct,
2023-08-15,29460.86,29056.77,29409.22,10214.85,299026558.28,29171.23,direct,
2023-08-16,29228.22,28696.21,29171.23,16506.96,479152538.98,28702.8,direct,
2023-08-17,28752.02,25328.06,28702.8,50603.71,1394530695.43,26629.67,direct,
2023-08-18,26823.13,25629.62,26629.67,33853.32,888090076.41,26049.69,direct,
2023-08-19,26266.25,25797.39,26049.69,10190.62,265159375.46,26095.8,direct,
2023-08-20,26291.33,25983.85,26095.8,7358.66,192271431.08,26191.01,direct,
2023-08-21,26248.2,25819.92,26191.01,16512.71,430024076.12,26126.18,direct,
2023-08-22,26137.6,25369.8,26126.18,19880.36,514473682.56,26043.01,direct,
2023-08-23,26807.82,25802.48,26043.01,25584.15,672652092.31,26429.4,direct,
2023-08-24,26565.88,25859.32,26429.4,17135.14,449180401.68,26166.22,direct,
2023-08-25,26291.13,25759.58,26166.22,18808.91,489263026.85,26051.29,direct,
2023-08-26,26109.19,25979.58,26051.29,3572.84,93024725.64,26010.35,direct,
2023-08-27,26168.79,25966.75,26010.35,4137.97,107924452.3,26091.32,direct,
2023-08-28,26233.53,25861.84,26091.32,11633.38,302943657.3,26106.0,direct,
2023-08-29,28154.08,25911.89,26106.0,39870.36,1089036684.85,27724.41,direct,
2023-08-30,27766.41,27036.49,27724.41,19031.6,520197058.0,27305.41,direct,
2023-08-31,27563.68,25683.18,27305.41,27850.06,741278108.53,25937.29,direct,
2023-09-01,26137.14,25323.44,25937.29,24807.18,639696809.37,25798.79,direct,
2023-09-02,25980.31,25729.66,25798.79,7017.96,181289556.36,25868.56,direct,
2023-09-03,26115.72,25805.82,25868.56,6190.05,160541183.85,25971.37,direct,
2023-09-04,26089.36,25636.28,25971.37,8832.41,228454428.06,25816.24,direct,
2023-09-05,25878.61,25567.56,25816.24,10888.31,280146729.52,25785.01,direct,
2023-09-06,26019.64,25379.85,25785.01,15183.61,390027105.24,25751.71,direct,
2023-09-07,26426.41,25600.8,25751.71,18952.45,491838528.79,26264.75,direct,
2023-09-08,26443.61,25650.9,26264.75,18556.34,482397556.59,25907.13,direct,
2023-09-09,25936.62,25799.89,25907.13,4094.4,105931726.4,25898.41,direct,
2023-09-10,26020.84,25589.02,25898.41,8434.22,217583144.54,25833.67,direct,
2023-09-11,25889.38,24911.78,25833.67,24481.75,619642052.88,25157.07,direct,
2023-09-12,26545.24,25128.37,25157.07,36111.44,937711286.48,25840.34,direct,
2023-09-13,26432.59,25768.65,25840.34,18955.32,495397769.94,26227.49,direct,
2023-09-14,26845.74,26136.39,26227.49,24488.8,649517751.61,26533.66,direct,
2023-09-15,26879.57,26224.91,26533.66,17339.0,459310066.65,26605.49,direct,
2023-09-16,26771.68,26459.99,26605.49,7062.9,187703875.45,26569.13,direct,
2023-09-17,26621.93,26413.39,26569.13,5698.34,151125765.17,26533.12,direct,
2023-09-18,27425.7,26394.81,26533.12,29536.95,797114111.3,26767.82,direct,
2023-09-19,27493.85,26676.6,26767.82,24703.82,670630172.73,27219.02,direct,
2023-09-20,27389.22,26814.07,27219.02,21439.58,581302466.15,27126.4,direct,
2023-09-21,27162.0,26373.55,27126.4,20948.1,559336631.68,26567.47,direct,
2023-09-22,26738.04,26478.87,26567.47,15354.82,408613785.26,26583.16,direct,
2023-09-23,26640.84,26522.49,26583.16,5251.29,139605320.21,26585.41,direct,
2023-09-24,26732.91,26146.79,26585.41,9848.35,260953441.64,26261.44,direct,
2023-09-25,26439.02,25997.17,26261.44,19804.27,518905094.49,26297.93,direct,
2023-09-26,26395.42,26090.75,26297.93,12902.09,338286231.16,26212.59,direct,
2023-09-27,26828.5,26096.78,26212.59,24188.11,638562791.04,26360.2,direct,
2023-09-28,27306.05,26328.53,26360.2,30832.51,827813877.45,27027.2,direct,
2023-09-29,27233.94,26674.22,27027.2,21721.72,585322764.87,26909.4,direct,
2023-09-30,27095.39,26887.09,26909.4,7260.78,195916128.74,26964.27,direct,
2023-10-01,28060.49,26958.76,26964.27,16861.15,464200302.08,27994.51,direct,
2023-10-02,28585.13,27312.81,27994.51,42701.42,1198411956.48,27507.22,direct,
2023-10-03,27669.05,27170.07,27507.22,22621.25,620603083.21,27428.66,direct,
2023-10-04,27836.54,27222.97,27428.66,18061.23,497243557.18,27789.8,direct,
2023-10-05,28128.37,27363.01,27789.8,25127.82,696054430.54,27414.59,direct,
2023-10-06,28280.04,27181.63,27414.59,25278.57,701648471.47,27946.61,direct,
2023-10-07,28035.05,27864.11,27946.61,7351.08,205394649.0,27973.69,direct,
2023-10-08,28105.36,27714.35,27973.69,8547.03,238690010.87,27933.57,direct,
2023-10-09,27999.8,27282.89,27933.57,21887.87,603964078.09,27598.77,direct,
2023-10-10,27735.72,27298.5,27598.77,18600.95,511109469.33,27395.4,direct,
2023-10-11,27475.69,26531.55,27395.4,30496.51,821395574.15,26871.21,direct,
2023-10-12,26937.98,26549.78,26871.21,16400.37,438531983.5,26756.23,direct,
2023-10-13,27110.91,26674.97,26756.23,18507.04,496779424.55,26862.9,direct,
2023-10-14,26982.78,26810.02,26862.9,5865.21,157685357.78,26854.52,direct,
2023-10-15,27297.26,26813.06,26854.52,10978.68,297110024.59,27177.41,direct,
2023-10-16,30009.15,27131.48,27177.41,66720.48,1884462991.7,28518.37,direct,
2023-10-17,28628.83,28094.14,28518.37,26038.83,739741149.31,28409.46,direct,
2023-10-18,28988.79,28156.7,28409.46,23999.55,682875511.71,28328.07,direct,
2023-10-19,28927.17,28135.5,28328.07,25550.36,730081363.3,28733.78,direct,
2023-10-20,30243.12,28596.96,28733.78,42016.08,1241026952.55,29684.37,direct,
2023-10-21,30365.61,29480.22,29684.37,15637.83,467626116.49,29924.08,direct,
2023-10-22,30232.64,29674.58,29924.08,13845.91,414432274.92,30001.44,direct,
2023-10-23,34739.17,29898.26,30001.44,73249.41,2308556876.22,33084.08,direct,
2023-10-24,35183.22,32857.8,33084.08,75112.67,2559949343.79,33923.52,direct,
2023-10-25,35136.87,33698.9,33923.52,43002.87,1481128342.82,34503.4,direct,
2023-10-26,34836.51,33746.16,34503.4,36463.09,1248469956.72,34157.06,direct,
2023-10-27,34246.78,33406.13,34157.06,30792.41,1044635721.14,33907.7,direct,
2023-10-28,34494.4,33876.07,33907.7,10888.97,371696781.35,34090.05,direct,
2023-10-29,34761.09,33947.8,34090.05,13639.48,469534963.71,34535.38,direct,
2023-10-30,34862.12,34090.22,34535.38,23948.89,825552244.82,34494.56,direct,
2023-10-31,34726.05,34058.4,34494.56,21982.74,756326173.72,34657.73,direct,
2023-11-01,35623.76,34096.9,34657.73,34274.26,1190955576.06,35439.76,direct,
2023-11-02,35973.2,34323.19,35439.76,31205.25,1097011932.14,34947.15,direct,
2023-11-03,34950.21,34118.29,34947.15,27811.97,960199464.71,34732.28,direct,
2023-11-04,35278.07,34606.38,34732.28,10840.41,377653497.47,35086.09,direct,
2023-11-05,35393.84,34489.02,35086.09,15210.52,533016306.01,35039.47,direct,
2023-11-06,35288.36,34758.64,35039.47,17520.44,613732584.95,35054.59,direct,
2023-11-07,35929.83,34537.87,35054.59,28810.78,1012278827.62,35421.85,direct,
2023-11-08,36109.43,35120.46,35421.85,26404.64,937630450.49,35638.33,direct,
2023-11-09,37990.51,35557.78,35638.33,62530.57,2296501186.4,36704.14,direct,
2023-11-10,37536.44,36342.27,36704.14,32545.3,1206040827.09,37321.51,direct,
2023-11-11,37417.29,36701.83,37321.51,14920.5,553215494.09,37142.22,direct,
2023-11-12,37233.45,36747.05,37142.22,9320.87,345567975.97,37079.76,direct,
2023-11-13,37429.52,36358.0,37079.76,24368.53,897671274.64,36482.51,direct,
2023-11-14,36752.31,34788.17,36482.51,33896.65,1219819360.84,35551.21,direct,
2023-11-15,37977.31,35374.22,35551.21,39005.98,1436101057.95,37884.19,direct,
2023-11-16,37951.14,35512.38,37884.19,38917.77,1428319260.74,36162.42,direct,
2023-11-17,36780.63,35873.7,36162.42,28253.69,1027029255.11,36626.32,direct,
2023-11-18,36853.45,36212.85,36626.32,8649.03,316037508.01,36591.19,direct,
2023-11-19,37529.1,36411.61,36591.19,11668.93,430198062.65,37388.64,direct,
2023-11-20,37770.11,36767.05,37388.64,31117.45,1162294169.25,37476.66,direct,
2023-11-21,37665.29,35753.93,37476.66,42793.3,1579350547.76,35758.72,direct,
2023-11-22,37866.63,35656.41,35758.72,36262.61,1335151412.8,37424.2,direct,
2023-11-23,37646.06,36892.34,37424.2,16793.76,626668140.1,37299.18,direct,
2023-11-24,38432.07,37262.39,37299.18,34951.5,1322597274.57,37737.05,direct,
2023-11-25,37907.84,37616.03,37737.05,8271.55,312424824.64,37801.92,direct,
2023-11-26,37829.46,37159.52,37801.92,12751.26,478214999.45,37460.21,direct,
2023-11-27,37568.17,36727.3,37460.21,24674.21,914744666.52,37246.29,direct,
2023-11-28,38410.41,36879.99,37246.29,33506.06,1265755538.49,37836.63,direct,
2023-11-29,38456.97,37589.12,37836.63,27433.75,1041457987.13,37861.9,direct,
2023-11-30,38149.78,37505.7,37861.9,16874.61,637264648.28,37729.58,direct,
2023-12-01,38982.35,37626.12,37729.58,32942.59,1268612412.23,38699.84,direct,
2023-12-02,39712.52,38659.45,38699.84,17299.38,677167721.21,39469.35,direct,
2023-12-03,40203.23,39288.91,39469.35,16087.63,638707315.07,39980.93,direct,
2023-12-04,42399.42,39980.36,39980.93,48574.89,2012390115.57,41984.41,direct,
2023-12-05,44639.18,41368.51,41984.41,52083.86,2234743414.43,44089.06,direct,
2023-12-06,44286.67,43386.17,44089.06,39080.76,1715623988.73,43771.01,direct,
2023-12-07,44050.53,42856.57,43771.01,30381.14,1320509439.92,43285.02,direct,
2023-12-08,44735.52,43094.02,43285.02,29502.75,1292562850.41,44186.18,direct,
2023-12-09,44373.02,43597.57,44186.18,15066.31,662982186.27,43723.0,direct,
2023-12-10,44047.82,43584.51,43723.0,11497.59,503801762.3,43791.67,direct,
2023-12-11,43808.9,40180.77,43791.67,58689.61,2446801856.72,41235.58,direct,
2023-12-12,42080.61,40648.18,41235.58,31480.37,1305859570.88,41472.94,direct,
2023-12-13,43461.75,40579.83,41472.94,36203.68,1517574126.2,42887.55,direct,
2023-12-14,43416.91,41433.23,42887.55,34166.34,1460749070.58,43030.6,direct,
2023-12-15,43091.28,41662.1,43030.6,25157.34,1065004798.33,41939.16,direct,
2023-12-16,42678.86,41640.84,41939.16,13495.73,570286280.98,42243.26,direct,
2023-12-17,42372.05,41228.17,42243.26,18460.88,772939037.53,41349.42,direct,
2023-12-18,42744.41,40512.69,41349.42,32860.71,1362661202.35,42650.27,direct,
2023-12-19,43454.44,41796.54,42650.27,30940.15,1318306822.38,42268.08,direct,
2023-12-20,44303.12,42195.52,42268.08,41481.09,1805958609.9,43669.91,direct,
2023-12-21,44245.16,43306.15,43669.91,29872.95,1306652594.38,43875.01,direct,
2023-12-22,44417.78,43426.51,43875.01,24740.39,1084076406.5,44008.04,direct,
2023-12-23,44024.62,43338.34,44008.04,10973.31,479555333.8,43732.75,direct,
2023-12-24,43965.2,42635.13,43732.75,14281.15,621424795.87,43023.12,direct,
2023-12-25,43808.21,42763.83,43023.12,14747.02,639501515.36,43593.79,direct,
2023-12-26,43604.51,41616.59,43593.79,30529.57,1297798884.96,42517.32,direct,
2023-12-27,43694.83,42121.77,42517.32,27420.29,1178861473.09,43469.34,direct,
2023-12-28,43817.61,42283.91,43469.34,29112.04,1249335317.05,42588.94,direct,
2023-12-29,43134.59,41296.86,42588.94,34268.41,1450476730.93,42073.59,direct,
2023-12-30,42595.81,41529.95,42073.59,21511.57,905852574.49,42146.03,direct,
2023-12-31,42863.11,41970.37,42146.03,21509.24,912867128.16,42280.14,direct,
2024-01-01,44210.89,42187.32,42280.14,19499.59,839894208.67,44197.61,direct,
2024-01-02,45918.98,44181.86,44197.61,57443.36,2596745174.99,44970.34,direct,
2024-01-03,45513.73,40214.67,44970.34,82056.19,3533041051.83,42854.08,direct,
2024-01-04,44797.03,42657.44,42854.08,49538.94,2167748750.23,44194.38,direct,
2024-01-05,44377.15,42508.08,44194.38,54169.3,2368276569.22,44178.89,direct,
2024-01-06,44248.4,43444.9,44178.89,16352.13,717065469.35,43988.33,direct,
2024-01-07,44496.47,43639.57,43988.33,20056.41,884154712.5,43950.84,direct,
2024-01-08,47295.94,43209.8,43950.84,66057.64,3000303504.99,46988.14,direct,
2024-01-09,47923.17,44889.64,46988.14,66281.93,3083632967.78,46123.0,direct,
2024-01-10,47705.84,44326.32,46123.0,80226.64,3677964834.63,46667.48,direct,
2024-01-11,49054.05,45580.11,46667.48,77548.89,3638877778.74,46353.15,direct,
2024-01-12,46512.17,41454.57,46353.15,87031.78,3855256978.62,42776.42,direct,
2024-01-13,43243.47,42438.36,42776.42,23024.72,986309535.03,42839.19,direct,
2024-01-14,43060.49,41702.53,42839.19,21730.6,924871801.97,41704.39,direct,
2024-01-15,43325.88,41687.69,41704.39,24561.1,1046074902.52,42491.26,direct,
2024-01-16,43562.19,42047.82,42491.26,36429.24,1565259395.93,43130.88,direct,
2024-01-17,43183.19,42172.64,43130.88,32911.24,1403011843.2,42739.27,direct,
2024-01-18,42876.35,40606.86,42739.27,45180.42,1885882508.36,41286.68,direct,
2024-01-19,42151.57,40246.58,41286.68,45191.13,1864062474.18,41625.47,direct,
2024-01-20,41846.45,41433.27,41625.47,13096.14,544668570.57,41677.08,direct,
2024-01-21,41862.83,41493.59,41677.08,9176.94,382561229.54,41570.17,direct,
2024-01-22,41669.9,39396.81,41570.17,56109.4,2270442343.15,39523.63,direct,
2024-01-23,40136.09,38512.34,39523.63,46007.49,1805745649.27,39876.44,direct,
2024-01-24,40526.25,39429.31,39876.44,37009.85,1476062916.95,40078.62,direct,
2024-01-25,40280.91,39523.94,40078.62,29183.88,1164224625.52,39941.74,direct,
2024-01-26,42227.71,39814.87,39941.74,42739.48,1763833855.75,41816.55,direct,
2024-01-27,42191.83,41393.22,41816.55,10632.46,444567824.09,42124.02,direct,
2024-01-28,42822.8,41632.18,42124.02,16615.66,702267432.76,42028.92,direct,
2024-01-29,43308.42,41804.05,42028.92,27783.74,1184671101.99,43302.28,direct,
2024-01-30,43855.77,42690.4,43302.28,34500.06,1498626265.1,42943.64,direct,
2024-01-31,43734.38,42276.82,42943.64,39491.24,1695950546.73,42555.08,direct,
2024-02-01,43267.39,41855.88,42555.08,29018.49,1234469121.23,43073.2,direct,
2024-02-02,43452.76,42536.21,43073.2,26779.09,1152442855.72,43181.71,direct,
2024-02-03,43355.76,42874.37,43181.71,7556.6,325725942.96,42999.52,direct,
2024-02-04,43093.79,42232.02,42999.52,9589.32,410404369.06,42570.21,direct,
2024-02-05,43518.7,41931.59,42570.21,24867.17,1062866796.14,42664.56,direct,
2024-02-06,43360.05,42526.92,42664.56,22482.95,966265875.57,43091.51,direct,
2024-02-07,44402.0,42766.8,43091.51,30331.77,1319628672.43,44339.04,direct,
2024-02-08,45622.13,44333.87,44339.04,39654.68,1785332802.43,45304.61,direct,
2024-02-09,48208.27,45257.22,45304.61,50590.41,2379925849.32,47154.23,direct,
2024-02-10,48166.14,46894.61,47154.23,16452.46,780554926.36,47768.12,direct,
2024-02-11,48597.46,47592.04,47768.12,19858.95,956986637.1,48311.16,direct,
2024-02-12,50339.2,47718.59,48311.16,47112.86,2319184140.26,49942.97,direct,
2024-02-13,50392.92,48336.83,49942.97,42027.05,2075339722.8,49733.11,direct,
2024-02-14,52085.66,49272.58,49733.11,43948.58,2252886326.88,51844.19,direct,
2024-02-15,52845.45,51357.81,51844.19,42990.13,2239765884.49,51934.57,direct,
2024-02-16,52598.05,51604.88,51934.57,32295.2,1680749372.19,52163.28,direct,
2024-02-17,52201.89,50647.34,52163.28,17696.94,910308869.83,51668.78,direct,
2024-02-18,52393.59,51194.3,51668.78,14716.3,762533081.81,52139.33,direct,
2024-02-19,52487.6,51691.25,52139.33,18980.36,989270690.85,51781.22,direct,
2024-02-20,52985.95,50766.77,51781.22,39504.32,2050493239.79,52269.59,direct,
2024-02-21,52375.42,50633.49,52269.59,32665.42,1676374071.14,51854.36,direct,
2024-02-22,52056.01,50914.97,51854.36,30501.44,1573393306.75,51263.67,direct,
2024-02-23,51509.58,50523.07,51263.67,26365.93,1345274652.99,50744.07,direct,
2024-02-24,51687.88,50583.66,50744.07,10707.22,548313000.54,51574.61,direct,
2024-02-25,51957.87,51288.57,51574.61,12394.68,640224439.02,51727.63,direct,
2024-02-26,54939.87,50920.53,51727.63,47961.27,2550669499.35,54518.58,direct,
2024-02-27,57612.94,54483.19,54518.58,62683.92,3546751167.69,57071.6,direct,
2024-02-28,64086.08,56726.31,57071.6,102181.72,6171823618.31,62507.1,direct,
2024-02-29,63652.76,60370.98,62507.1,84709.08,5259277822.5,61179.58,direct,
2024-03-01,63226.77,60795.21,61179.58,52747.33,3267402863.37,62431.25,direct,
2024-03-02,62479.07,61631.05,62431.25,20264.53,1257238241.46,62038.39,direct,
2024-03-03,63254.84,61392.4,62038.39,20301.48,1265273119.48,63149.43,direct,
2024-03-04,68562.03,62363.97,63149.43,79177.16,5220774005.79,68338.64,direct,
2024-03-05,69244.55,59268.68,68338.64,126873.13,8263897912.84,63804.11,direct,
2024-03-06,67645.97,62851.27,63804.11,68031.77,4498440968.53,66115.57,direct,
2024-03-07,68065.89,65610.94,66115.57,41800.64,2804368120.13,66928.15,direct,
2024-03-08,70151.23,66173.73,66928.15,59361.92,4046244830.74,68269.39,direct,
2024-03-09,68663.92,68026.81,68269.39,16947.1,1158711168.05,68446.32,direct,
2024-03-10,69976.84,68218.19,68446.32,27686.99,1919585405.6,69023.53,direct,
2024-03-11,72872.77,67170.42,69023.53,62709.74,4476609937.75,72095.86,direct,
2024-03-12,72996.99,68636.43,72095.86,58546.01,4173072731.62,71449.5,direct,
2024-03-13,73672.14,71329.7,71449.5,41314.41,3008299520.61,73118.09,direct,
2024-03-14,73802.64,68493.91,73118.09,60699.01,4325873413.25,71366.96,direct,
2024-03-15,72394.97,65579.78,71366.96,73358.94,5016358153.02,69497.39,direct,
2024-03-16,70043.23,64783.87,69497.39,33956.52,2295869354.32,65260.55,direct,
2024-03-17,68873.88,64529.3,65260.55,29362.49,1962751757.05,68364.45,direct,
2024-03-18,68925.18,66584.49,68364.45,38542.52,2602930945.01,67609.44,direct,
2024-03-19,68116.53,67524.89,67609.44,717.76,48674343.87,67765.34,direct,
