Open Time,Open,High,Low,Close,Volume,Close Time,Quote Asset Volume,Number of Trades,Taker Buy Base Asset Volume,Taker Buy Quote Asset Volume,Ignore
3/2/22,44438.31,45321.42,43349.4,43938.21,934.456072,00:00.0,41311162.93,47427,473.837427,20965413.52,0
3/3/22,43919.29,44103.62,41822.98,42480.51,842.355459,00:00.0,36087931.65,47236,371.398023,15936695.47,0
3/4/22,42458.89,42537.99,38568.18,39148.05,1185.674289,00:00.0,48175421.62,49883,522.547222,21259814.75,0
3/5/22,39159.26,39631.34,38592.12,39414.71,416.984783,00:00.0,16327460.47,31368,201.416178,7893420.032,0
3/6/22,39405.86,39720.38,38101.93,38413.96,563.363085,00:00.0,21933470.71,33963,256.042018,9979438.289,0
3/7/22,38424.08,39552.31,37166.01,38002.88,1032.060972,00:00.0,39516771.13,47453,484.953296,18583394.77,0
3/8/22,37992.63,39371,37862.34,38739.44,948.977563,00:00.0,36692936.88,39848,478.013083,18493566.62,0
3/9/22,38739.44,42590.08,38658.51,41972.23,1362.713712,00:00.0,56499094.94,48855,740.791298,30694683.63,0
3/10/22,41959.42,42046.78,38510,39428.5,1483.491605,00:00.0,58900618.62,44318,670.674818,26647991.3,0
3/11/22,39431.88,40250,38200.2,38731.58,998.647365,00:00.0,39016499.91,37738,472.569982,18473965.73,0
3/12/22,38733.39,39439.78,38663.37,38838.02,315.983177,00:00.0,12351667.26,18616,167.768252,6561470.164,0
3/13/22,38806.22,39324.4,37580,37789.62,459.379209,00:00.0,17740004.59,23344,224.890461,8699743.206,0
3/14/22,37794.01,39917.89,37572.51,39686.63,765.217603,00:00.0,29708945.04,34945,391.654824,15210866.24,0
3/15/22,39671.94,39900,38139.49,39302.64,787.197899,00:00.0,30811103.36,37358,372.090136,14566629.39,0
3/16/22,39291.58,41700,38844,41136.96,1940.857631,00:00.0,78258014.79,58800,1000.580711,40380180.62,0
3/17/22,41132.44,41479.42,40500,40943.81,540.422488,00:00.0,22122279.83,30176,270.986111,11098771.55,0
3/18/22,40941.75,42364.12,40174.08,41766.97,725.998322,00:00.0,29850593.21,35607,383.31942,15773241.51,0
3/19/22,41781.12,42417,41491.02,42228.92,419.01909,00:00.0,17566161.13,24481,201.358349,8441468.888,0
3/20/22,42231.04,42310.99,40925.92,41285.34,404.970037,00:00.0,16815091.57,25390,187.986128,7806184.009,0
3/21/22,41284.7,41560.78,40509.08,41012.45,629.065295,00:00.0,25808235.1,30537,321.145569,13176570.81,0
3/22/22,41005.65,43347,40896.55,42378.05,1042.58418,00:00.0,44258780.99,41269,548.70125,23280247.93,0
3/23/22,42383.11,43026.05,41768.85,42898.89,802.924895,00:00.0,33941842.17,38657,414.987428,17555156.32,0
3/24/22,42899.5,44248.46,42565.6,44013.99,911.645994,00:00.0,39514622.76,42057,489.319016,21215814.87,0
3/25/22,44019.02,45112.84,43596.62,44331.24,619.532729,00:00.0,27498777.56,35433,332.329207,14761201.06,0
3/26/22,44333.52,44808.77,44063.29,44546.27,223.055913,00:00.0,9902530.18,16116,107.118679,4756968.296,0
3/27/22,44546.27,46952.16,44445.55,46853.23,689.819719,00:00.0,31510574.26,31250,350.205947,16010409.66,0
3/28/22,46843.06,48223.41,46681.21,47129.22,914.412886,00:00.0,43326445.89,43396,464.738886,22028037.73,0
3/29/22,47133.22,48109.83,46981.87,47455.46,581.00516,00:00.0,27632413.54,28136,285.9468,13608417.64,0
3/30/22,47459.87,47719.21,46548.76,47081.55,557.140927,00:00.0,26301372,31591,283.308707,13381722.2,0
3/31/22,47079.87,47631.47,45187.42,45538.09,650.804462,00:00.0,30198740.36,35537,310.884803,14432937.32,0
4/1/22,45523.9,46726.48,44244.26,46294.38,737.132099,00:00.0,33519004.45,38504,372.642214,16954020.36,0
4/2/22,46302.46,47221.58,45640.69,45819.19,523.204441,00:00.0,24292829.13,29375,256.95375,11931394.15,0
4/3/22,45816.89,47468.61,45550.81,46424.88,498.63344,00:00.0,23195591.2,27541,245.070622,11404013.74,0
4/4/22,46423.6,46893.53,45126.58,46586.91,710.260793,00:00.0,32662739.07,34257,361.530473,16635231.58,0
4/5/22,46597.67,47196.13,45375.5,45510.88,673.974797,00:00.0,31124359.42,35777,326.529236,15083885.22,0
4/6/22,45507.33,45516.48,43115.52,43183.88,1113.88676,00:00.0,49432129.86,52915,518.636472,23029613.35,0
4/7/22,43172.02,43902.31,42737.09,43452.64,623.652361,00:00.0,27080924.6,38461,315.078697,13683682.1,0
4/8/22,43440,43983.5,42113.47,42265.71,802.752852,00:00.0,34636602.69,40688,394.915252,17052148.42,0
4/9/22,42255.54,42807.2,42133.11,42757.07,250.531881,00:00.0,10631646.23,17565,136.037847,5774318.395,0
4/10/22,42759.24,43426.23,41892.1,42159.82,436.24758,00:00.0,18588424.94,22539,218.100583,9296579.449,0
4/11/22,42166.35,42418.98,39215.26,39540.55,1300.525191,00:00.0,53132174.37,56737,573.007419,23434236.5,0
4/12/22,39530.8,40700.99,39263.15,40080.65,1280.747807,00:00.0,51254856.69,52316,685.190605,27423061.4,0
4/13/22,40080.65,41570.02,39589.32,41144.86,1189.785225,00:00.0,48257692.15,41987,608.263188,24678696.7,0
4/14/22,41151.48,41500,39572.24,39946.93,661.007399,00:00.0,26799600.97,33971,320.40754,12987883.38,0
4/15/22,39945.91,40861.77,39771.18,40564.17,542.405087,00:00.0,21842354.34,27678,277.08001,11160783.56,0
4/16/22,40562.26,40706.17,40005.67,40382.33,359.322022,00:00.0,14510509.66,18136,175.141034,7073909.548,0
4/17/22,40389.05,40607,39559.32,39681.76,525.209283,00:00.0,21101166.12,22729,283.878462,11408226.22,0
4/18/22,39681.63,41100,38541.31,40811.04,1260.086581,00:00.0,50124355.07,48534,623.003048,24795364.57,0
4/19/22,40811.12,41800,40568.67,41496.82,612.409258,00:00.0,25205338.37,29053,316.085155,13007973.03,0
4/20/22,41501.19,42205.43,40900,41372.38,678.127661,00:00.0,28167677.7,31446,344.159315,14299598.54,0
4/21/22,41368.2,42984.15,39771.6,40483.33,1091.012495,00:00.0,45515083.02,42887,555.646443,23193549.12,0
4/22/22,40482.63,40799.14,39172.34,39700.53,879.526962,00:00.0,35223313.92,41019,445.360143,17844337.82,0
4/23/22,39708.86,39984.61,39290.16,39447.86,302.742514,00:00.0,12011001.88,18407,155.892315,6187143.891,0
4/24/22,39451.85,39948.83,38981.05,39464.48,503.595694,00:00.0,19916190.02,24172,263.2526,10413117.52,0
4/25/22,39455.59,40619.42,38208.21,40430,1396.335862,00:00.0,54712705.01,54113,703.501337,27572637.43,0
4/26/22,40430,40804.22,37700,38114.88,1248.447339,00:00.0,48790031.92,52597,578.057187,22626847.2,0
4/27/22,38113.22,39470.07,37875.37,39233.75,981.779969,00:00.0,38150457.41,44588,513.02016,19940550.24,0
4/28/22,39242.8,40379.84,38869.44,39745.26,912.560331,00:00.0,36217620.87,43212,456.743272,18132843.24,0
4/29/22,39740.07,39922.69,38172.21,38595.67,784.378759,00:00.0,30567925.88,38720,376.880338,14690383.04,0
4/30/22,38595.79,38784.73,37588,37634.39,417.928965,00:00.0,15999950.37,26697,188.595849,7225574.346,0
5/1/22,37636.46,38676.09,37396.09,38469.55,597.610156,00:00.0,22765677.04,34509,293.663395,11195887.04,0
5/2/22,38471.49,39162.85,38037.28,38517.84,780.86871,00:00.0,30191078.97,39856,392.358408,15175228.48,0
5/3/22,38519.69,38641.84,37517.66,37719.58,628.279118,00:00.0,23954339.77,31167,286.631734,10927028.4,0
5/4/22,37724.19,40020,37655.82,39689.62,935.559527,00:00.0,36503827.62,39377,501.04713,19553573.01,0
5/5/22,39682.36,39838.15,35605.89,36540,1456.500779,00:00.0,54203335.94,55901,648.774049,24154504.81,0
5/6/22,36547.34,36673.25,35253.47,36004.58,1117.501362,00:00.0,40237425.88,48224,531.981049,19162245.21,0
5/7/22,36007.45,36128.72,34777,35464.39,538.449295,00:00.0,19157290.7,27052,244.59726,8713891.094,0
5/8/22,35463.49,35504.42,33710,34033.74,1027.118597,00:00.0,35362168.77,46671,472.069353,16254448.28,0
5/9/22,34039.3,34227.71,30047.25,30080.85,3055.630711,00:00.0,97865097.37,85265,1437.026556,46021353.84,0
5/10/22,30071.85,32640.49,29735.97,31023.27,4088.136174,00:00.0,127848281.8,107744,2034.215691,63660082.06,0
5/11/22,31002.2,32126.51,27700,28977.8,5058.867412,00:00.0,153286374.6,130308,2419.100562,73392123.39,0
5/12/22,28974.81,30091.55,25455.46,28914.38,3863.93028,00:00.0,108744055.4,108777,1876.288314,52878284.57,0
5/13/22,28947.63,30980,28673.9,29232.45,2011.238246,00:00.0,60605826.75,64832,998.25297,30081636.37,0
5/14/22,29228.07,30290.64,28577.93,30040,836.939375,00:00.0,24577572.55,43938,415.331217,12202005.12,0
5/15/22,30045.08,31415.48,29438.41,31293.32,926.199765,00:00.0,28077231.85,48130,487.519297,14796580.34,0
5/16/22,31289.49,31303.29,29050.01,29839.05,1758.636252,00:00.0,52686259.84,62568,829.870885,24868772.31,0
5/17/22,29837.15,30733,29421.8,30410.15,1182.328391,00:00.0,35699087,53618,587.835389,17753475.6,0
5/18/22,30413.2,30676.9,28612.14,28690.3,1707.384353,00:00.0,50300543.22,62977,801.834976,23616207.61,0
5/19/22,28666.61,30534.6,28650.43,30284.34,1451.018525,00:00.0,43066584.34,53037,724.318719,21473347.14,0
5/20/22,30283.67,30726.41,28692.45,29172.8,1703.357056,00:00.0,50484152.03,61769,825.118609,24492207.43,0
5/21/22,29172.71,29614.37,28899.99,29409.35,529.404171,00:00.0,15509507.61,27353,272.239495,7977276.711,0
5/22/22,29409.36,30456.52,29188.8,30268.03,810.473078,00:00.0,24247504.53,34594,413.183176,12360757.85,0
5/23/22,30264.41,30634.92,28843.86,29084.37,1577.687867,00:00.0,47209565.25,58674,714.039067,21397544.63,0
5/24/22,29084.12,29824.27,28638.51,29635.6,1221.469809,00:00.0,35734864.29,47153,630.905833,18465206.58,0
5/25/22,29633.44,30184.03,29308.57,29507.5,1268.003982,00:00.0,37722828.27,50767,626.223808,18633447.67,0
5/26/22,29507.97,29857.35,28002,29167.72,2190.722154,00:00.0,63945898.77,71393,1097.145026,32057795.84,0
5/27/22,29165.99,29359.37,28242.84,28593.31,2106.896743,00:00.0,60797387.74,97893,1043.61298,30122301.51,0
5/28/22,28594.78,29233.2,28496.56,28998.65,528.686749,00:00.0,15268761.04,28279,263.212352,7601924.863,0
5/29/22,28998.38,29555,28807.39,29444.74,669.827836,00:00.0,19553608.39,27579,342.767308,10011464.23,0
5/30/22,29441.5,32193.14,29274.55,31718.42,2303.282285,00:00.0,70787710.66,65798,1230.914708,37807459.99,0
5/31/22,31719.84,32409.14,31197.67,31775.65,1727.263701,00:00.0,54779305.74,55833,847.368032,26882625.4,0
6/1/22,31780.97,31968.84,29304.62,29782.58,1963.846259,00:00.0,60362469.24,57774,914.00406,28110380.99,0
6/2/22,29789.39,30671.2,29551.69,30430.04,1334.631241,00:00.0,40096669.41,44517,685.948322,20611466.57,0
6/3/22,30431.66,30672.66,29250,29671.45,1370.383816,00:00.0,40948415.05,43098,671.024839,20057569.79,0
6/4/22,29674.13,29951.53,29451.93,29846.27,590.890077,00:00.0,17535888.83,21594,313.998466,9321663.304,0
6/5/22,29842.72,30155,29509.5,29890.97,682.416744,00:00.0,20381603.75,21824,350.708783,10477961.2,0
6/6/22,29898.77,31740,29864.25,31348,1624.616346,00:00.0,50631814.91,53539,873.999392,27227293.25,0
6/7/22,31348.37,31565.82,29200,31098.93,2235.830679,00:00.0,67864496.44,67897,1120.339163,34018760.38,0
6/8/22,31106.67,31300.32,29821.9,30181.34,1403.920689,00:00.0,42753825.72,52487,709.953028,21626902.48,0
6/9/22,30177.93,30683.94,29906.44,30077.71,943.713132,00:00.0,28499343.1,39327,480.960736,14528752.28,0
6/10/22,30085.12,30347.34,28828.26,29062.58,1344.563633,00:00.0,39732238.71,53118,630.169501,18627035.33,0
6/11/22,29061.94,29405.28,28080.27,28380,1000.592149,00:00.0,28647544.24,36482,460.140082,13177393.17,0
6/12/22,28396.21,28507.4,26532.7,26551.52,1431.531194,00:00.0,39431333.19,52431,650.727977,17953408.72,0
6/13/22,26540.99,26850.01,21901,22460.52,5761.393708,00:00.0,139293799.6,121194,2646.763888,64006337.24,0
6/14/22,22460.51,23314.09,20804.91,22104.28,4565.972666,00:00.0,100855581.5,88470,2268.073042,50163975.15,0
6/15/22,22116.83,22762.04,20078,22568.58,4511.196383,00:00.0,95651314.21,89285,2142.091376,45458051.86,0
6/16/22,22551.11,22985,20200.8,20376.76,1982.500319,00:00.0,42367476.8,50510,966.935185,20679667.2,0
6/17/22,20372.34,21320.42,20220,20442.23,1322.618168,00:00.0,27347814.99,39607,694.944184,14372364,0
6/18/22,20443.61,20743.62,17594.94,18949.08,3410.396007,00:00.0,64445435,75203,1547.788422,29207093.26,0
6/19/22,18942.29,20799.03,17925.03,20558.14,2474.201153,00:00.0,48049415.4,52481,1266.135217,24626422.46,0
6/20/22,20542.83,21038.89,19601.9,20539.82,2084.194444,00:00.0,42308495.66,48529,992.761627,20164901.14,0
6/21/22,20545.99,21702.52,20333,20704.85,2175.645367,00:00.0,45802927.33,52813,1066.302579,22453534.02,0
6/22/22,20702.68,20874.34,19742.25,19973.04,3263.279828,00:00.0,66140800.43,78582,1567.21582,31776075.75,0
6/23/22,19971.75,21226.32,19863.77,21091.3,3659.16487,00:00.0,75290941.19,142288,1898.653313,39059826.61,0
6/24/22,21094.63,21534.33,20719.39,21218.44,3115.210891,00:00.0,65727484.39,95513,1630.353144,34403571.29,0
6/25/22,21224.95,21595.71,20896.85,21469.62,2028.347001,00:00.0,43103934.16,77012,1041.229323,22136134.66,0
6/26/22,21475.55,21878.02,20955,21026.26,1928.11807,00:00.0,41174756.91,72706,939.291477,20065683.39,0
6/27/22,21027.21,21522.61,20478.28,20722.93,2682.93546,00:00.0,56199329.95,93856,1328.520068,27852459.8,0
6/28/22,20722.28,21190,20171.01,20253.07,5362.945114,00:00.0,110860743.4,152586,2712.575015,56089587.58,0
6/29/22,20250.83,20420.92,19832.92,20099.67,7099.4662,00:00.0,142773458.5,200973,3517.112055,70743237.19,0
6/30/22,20099.5,20145.32,18612,19937.23,8521.844238,00:00.0,164560741.8,202963,4213.405593,81380077.48,0
7/1/22,19935.53,20896.36,18940,19256.75,9747.183616,00:00.0,191235770.7,157009,4770.357564,93628102.01,0
7/2/22,19261.58,19441.9,18956.79,19226.53,3913.931431,00:00.0,75203894.39,70068,1933.15245,37148292.76,0
7/3/22,19227.69,19625.32,18752.98,19290.68,3275.136164,00:00.0,62751846.51,102064,1631.00741,31256260.1,0
7/4/22,19292.88,20320,19034.13,20212.61,6404.379456,00:00.0,125871485.1,230523,3225.670599,63399405.99,0
7/5/22,20212.61,20728.5,19281.37,20157.22,9137.287715,00:00.0,182567417.2,291989,4509.291613,90119315.6,0
7/6/22,20155.19,20650,19734.34,20544.74,8316.786804,00:00.0,167763011.8,300326,4141.696901,83558755.04,0
7/7/22,20544.75,21835,20233,21615.25,8114.680857,00:00.0,169620506.3,283629,4085.136133,85396824.74,0
7/8/22,21619.66,22500.59,21172.41,21595.99,8915.04836,00:00.0,193965287.2,310080,4420.881306,96196126.56,0
7/9/22,21590.64,21980.88,21313.66,21581.42,5401.384965,00:00.0,116735030.3,244050,2653.023009,57346982.48,0
7/10/22,21581.54,21593.11,20632.99,20844.56,4889.43878,00:00.0,103233906.9,205861,2344.246156,49505284.04,0
7/11/22,20848.48,20851.78,19865.21,19946.01,7244.704395,00:00.0,148228330.6,240849,3497.724434,71575609.5,0
7/12/22,19942.06,20044.29,19226,19308.37,7402.306533,00:00.0,146132666.6,222250,3632.199588,71710985.87,0
7/13/22,19308.37,20326.63,18900,20219.7,9517.12487,00:00.0,186312419.6,253616,4646.121158,90970343.74,0
7/14/22,20220.27,20879.17,19588.9,20576.51,10528.84491,00:00.0,212358721.6,239729,5114.801757,103165505.1,0
7/15/22,20576.5,21191.81,20367.46,20825.45,7202.691179,00:00.0,149819862.6,209833,3479.372478,72374407.1,0
7/16/22,20824.72,21575.34,20477.03,21190.34,4799.276054,00:00.0,100711322.8,166808,2397.366955,50307968.06,0
7/17/22,21187.66,21657.49,20751.81,20798.5,4969.886569,00:00.0,105460676.3,180304,2432.704681,51637981.19,0
7/18/22,20796.23,22757.94,20754.57,22422.05,11288.74098,00:00.0,247622933.2,236777,5662.574201,124187802.4,0
7/19/22,22433.81,23800,21583.97,23392.19,15605.61387,00:00.0,353773817.4,295341,7773.855541,176268399.6,0
7/20/22,23392.18,24275.94,22915,23225.6,15777.66458,00:00.0,371995679.7,292174,7749.842171,182741523.1,0
7/21/22,23223.33,23431.71,22342.28,23151.58,10100.97622,00:00.0,231534067.8,203389,4948.17239,113446968.9,0
7/22/22,23154.89,23758.46,22507.15,22684.3,7196.81416,00:00.0,166899643.7,184670,3486.048326,80863325.86,0
7/23/22,22688.58,23000,21950,22449.31,4638.197531,00:00.0,104051326.2,92524,2258.458959,50675366.18,0
7/24/22,22456,23020,22266,22591.28,5182.093999,00:00.0,117489829.6,117800,2497.282683,56630426.89,0
7/25/22,22585.88,22670.5,21258.06,21316.22,7308.42268,00:00.0,160225126.4,157945,3405.421875,74670157.92,0
7/26/22,21309.85,21348.34,20714.96,21255.55,5882.288373,00:00.0,123713531.1,134541,2785.505048,58597761.79,0
7/27/22,21258.08,23113.54,21041.4,22958.18,9128.985083,00:00.0,200696334,217895,4540.562077,99828478.69,0
7/28/22,22961.96,24199.98,22583.33,23849.44,10025.43094,00:00.0,234117938.1,195645,4934.766763,115263742.6,0
7/29/22,23852.08,24439,23433.85,23782.99,8152.005981,00:00.0,194587323,173150,4039.251882,96448650.12,0
7/30/22,23785.01,24683.54,23510.47,23650.19,7101.064772,00:00.0,170650308.4,182986,3472.949353,83461620.68,0
7/31/22,23650.19,24198.18,23232.29,23304.65,5804.269434,00:00.0,137541913.8,245304,2861.399788,67819928.72,0
8/1/22,23308.38,23508.47,22851.9,23275.88,6179.686676,00:00.0,143420914.6,172625,3105.407676,72086675.8,0
8/2/22,23275.68,23466.18,22661.29,22990.75,7307.487244,00:00.0,168077703.3,174004,3572.874042,82197429.02,0
8/3/22,22984.53,23638.99,22689.49,22824.55,8164.154704,00:00.0,189441265.6,161915,4041.262364,93781787.96,0
8/4/22,22820,23226.61,22404.47,22622.27,7171.334543,00:00.0,164065781.2,154414,3491.181527,79863818.52,0
8/5/22,22622.26,23477.06,22589.01,23317.38,6663.063846,00:00.0,153765005.2,176629,3292.750435,75988965.3,0
8/6/22,23319.06,23355.18,22910.75,22959.28,3220.410148,00:00.0,74659084.29,95589,1530.215234,35476355.4,0
8/7/22,22955.27,23400,22854.66,23177.81,2738.6153,00:00.0,63262057.82,77055,1353.9652,31278726.89,0
8/8/22,23176.28,24252.12,23157.35,23816.87,6080.608533,00:00.0,145143355.4,120039,2964.17307,70752359.25,0
8/9/22,23812.12,23931.65,22875,23155.85,5809.397123,00:00.0,135743339.8,104526,2885.701907,67453321.63,0
8/10/22,23155.06,24227.11,22659.4,23964.88,7793.976708,00:00.0,183489285.4,146196,3822.44095,89983908.52,0
8/11/22,23964.5,24922.58,23866.8,23940.07,9575.106603,00:00.0,233686032.3,140339,4653.248765,113589522.3,0
8/12/22,23948.03,24466.92,23596.36,24412.39,6708.131073,00:00.0,161012246.2,89353,3378.679165,81106532.15,0
8/13/22,24414.63,24900.55,24295.8,24458.58,6260.78911,00:00.0,153777926.2,74555,3056.520278,75074733.9,0
8/14/22,24458.57,25036.1,24151.07,24315.55,5005.868863,00:00.0,122638265.5,75376,2482.642466,60826661.32,0
8/15/22,24317.93,25214.66,23780,24096.82,9307.658862,00:00.0,226601201.8,128715,4600.345174,112002467.7,0
8/16/22,24096.25,24260.97,23676.4,23855.35,7287.205811,00:00.0,174530857.1,97695,3565.206038,85391566.38,0
8/17/22,23858.1,24445.57,23180,23335.92,7570.169176,00:00.0,179569436.7,105342,3610.943496,85672437.6,0
8/18/22,23338.66,23599.71,23111.22,23198.25,3614.123878,00:00.0,84559756.49,58528,1773.231843,41496412.87,0
8/19/22,23193.46,23207.34,20785.22,20829.32,13898.42005,00:00.0,301306996.6,135785,6751.269859,146319764.1,0
8/20/22,20832.79,21363.46,20761.75,21141.95,8426.332255,00:00.0,178119865.5,83606,4180.430019,88371464.19,0
8/21/22,21142.87,21781.64,21067.48,21512.28,6606.500788,00:00.0,141308389,72787,3231.767267,69128419.29,0
8/22/22,21511.43,21536.56,20890.32,21397,7700.004849,00:00.0,163564614.9,93167,3732.356687,79284896.37,0
8/23/22,21397,21679.73,20889.11,21528.61,7192.344421,00:00.0,153820705.8,104089,3530.98614,75521890.09,0
8/24/22,21524.52,21890.76,21147.7,21367.42,8260.057259,00:00.0,177615807.4,86584,4130.122456,88807324.43,0
8/25/22,21367.42,21814.51,21311.63,21558.82,6057.432628,00:00.0,130824231.3,68106,2971.955468,64184420.2,0
8/26/22,21558.36,21872.35,20110,20243.48,13095.06348,00:00.0,276216651.8,161762,6411.383295,135230539.6,0
8/27/22,20241.84,20380.32,19800,20039.86,8309.563465,00:00.0,167044376,89958,4004.590687,80511213.58,0
8/28/22,20038.74,20158,19520.19,19552.34,5250.261734,00:00.0,104751232,68852,2599.592075,51875469.41,0
8/29/22,19555.69,20419,19544.89,20290,7323.765069,00:00.0,146479217.9,98424,3626.018663,72523283.21,0
8/30/22,20289.97,20578,19541.13,19812.65,9641.439173,00:00.0,193298510.1,122765,4765.263037,95541438.77,0
8/31/22,19812.65,20486.06,19801.13,20060.32,7300.808548,00:00.0,147382173.8,113316,3591.93115,72510938.85,0
9/1/22,20051.81,20205.83,19564.86,20132.97,7529.674053,00:00.0,150101799.7,121962,3604.767086,71847956.55,0
9/2/22,20132.5,20444,19757.72,19954.16,7392.679014,00:00.0,148562529.3,105706,3653.015902,73410615.06,0
9/3/22,19950.63,20054.69,19658.04,19832.06,3077.135497,00:00.0,61048539.58,57603,1497.711034,29714779.72,0
9/4/22,19834.87,20030.89,19587.86,20002.38,3712.178165,00:00.0,73551378.35,68699,1837.700441,36412986.02,0
9/5/22,19998.77,20058,19635.96,19795.12,4817.489036,00:00.0,95393884.57,72003,2393.577334,47402866.9,0
9/6/22,19795.12,20180.5,18668.9,18790.39,11753.83028,00:00.0,228976200.9,150849,5781.309058,112622749.4,0
9/7/22,18789.4,19462.02,18534.06,19290.53,8092.183326,00:00.0,153366947.6,95816,4024.824166,76272205.42,0
9/8/22,19290.53,19457.69,19012.7,19322.54,8670.453356,00:00.0,166778117.2,90500,4325.825303,83214451.08,0
9/9/22,19322.54,21595.12,19293.64,21360.97,13177.78082,00:00.0,273676947.3,152416,6611.935753,137234144.2,0
9/10/22,21365.97,21812.35,21128.39,21650.6,6646.287573,00:00.0,142413332.4,89227,3358.861871,71986880.65,0
9/11/22,21651.59,21866.5,21359.15,21830,6563.895242,00:00.0,141867763.2,84975,3254.674009,70355236.86,0
9/12/22,21833.63,22497.58,21543.76,22400,10897.08067,00:00.0,240960523.6,169780,5374.377102,118849029.7,0
9/13/22,22397.53,22799.03,19874.92,20173.75,14931.00321,00:00.0,319950633.3,186478,7341.806916,157338820.9,0
9/14/22,20168.82,20533,19610.09,20231,9937.966735,00:00.0,200426676.7,122469,4916.391127,99171667.89,0
9/15/22,20229.11,20333.8,19500,19698.24,10729.86487,00:00.0,214310925.9,124835,5276.008763,105399247.9,0
9/16/22,19705.39,19889.05,19338,19800.4,8547.46479,00:00.0,168030314.7,113140,4244.073827,83444226.37,0
9/17/22,19800.4,20191.71,19742.41,20112.04,6930.601187,00:00.0,138423584.7,68827,3435.227791,68624630.09,0
9/18/22,20112.6,20118.74,19333.2,19417.99,7373.686943,00:00.0,145826159.1,118128,3607.205953,71350382.51,0
9/19/22,19421.93,19682.97,18257.92,19540.33,13609.13654,00:00.0,258902452.5,145670,6630.646054,126170956.7,0
9/20/22,19538.66,19637.58,18724.83,18880.27,13247.7331,00:00.0,253523108.3,136222,6562.064293,125569588.8,0
9/21/22,18875.29,19900,18168,18464.23,19642.80396,00:00.0,374980714.9,193490,9811.881806,187323647.2,0
9/22/22,18464.23,19519.64,18360.98,19403.29,18016.93964,00:00.0,341880593.7,171984,8883.070166,168543513.7,0
9/23/22,19405.29,19498.3,18534.78,19288.36,11672.71788,00:00.0,221527118.9,136964,5801.963616,110125533.1,0
9/24/22,19288.08,19310.2,18810,18921.25,6760.587703,00:00.0,128956611.2,78074,3375.107487,64383563.83,0
9/25/22,18925.45,19174.74,18630.86,18809.61,5927.072745,00:00.0,112265179.9,66805,2926.180589,55433249.06,0
9/26/22,18807.63,19317.16,18687,19226.35,12113.69565,00:00.0,230633815.8,131580,6175.714077,117594829.7,0
9/27/22,19226.11,20380.9,18819.82,19078.74,20959.54451,00:00.0,414308673.1,200955,10352.46051,204668321.4,0
9/28/22,19078.74,19770,18491.67,19414.16,16457.73727,00:00.0,315169731.6,180520,8156.552425,156257887.8,0
9/29/22,19414.33,19640.01,18835.9,19590,15056.9619,00:00.0,291221620.3,176841,7507.200175,145230305.1,0
9/30/22,19595.45,20182.69,19150,19426.64,11506.44206,00:00.0,225028055.3,136655,5838.549604,114192127.9,0
10/1/22,19426.64,19485.46,19165.28,19312.12,3088.845305,00:00.0,59669456.04,46314,1541.269589,29778962.12,0
10/2/22,19313.8,19400,18922.84,19057.74,4830.498555,00:00.0,92574925.21,64230,2352.481857,45089822.09,0
10/3/22,19057.74,19715.86,18964.29,19632.46,10272.01259,00:00.0,198539708.5,119301,5275.978038,101993399,0
10/4/22,19633.48,20457.67,19493.11,20341.67,11694.55113,00:00.0,234017963.3,134809,5856.111911,117183459.9,0
10/5/22,20346.09,20370.18,19741.01,20158.9,10065.46168,00:00.0,202400755.8,124381,4876.252036,98065247.39,0
10/6/22,20162.84,20450.26,19856.97,19962.44,15655.71848,00:00.0,315167952.9,187340,7802.919597,157099369.3,0
10/7/22,19962.77,20067.05,19321.49,19532.6,10978.57215,00:00.0,216666868.9,159821,5388.737141,106372709.1,0
10/8/22,19530.44,19628.83,19248,19419.7,3729.63907,00:00.0,72619287.37,56715,1843.496485,35899110.23,0
10/9/22,19418.07,19560,19321.11,19441.92,3803.215183,00:00.0,73944052.85,58536,1896.403578,36873794.75,0
10/10/22,19441.92,19525.75,19028,19132.28,7601.105535,00:00.0,146697981.5,133718,3750.101172,72386001.56,0
10/11/22,19130.72,19266.48,18859.22,19058.3,9765.695038,00:00.0,186154585.1,168338,4879.042363,93014256.15,0
10/12/22,19055.76,19239.94,18976.05,19153.99,6154.368369,00:00.0,117608930.3,117548,3167.993562,60546843.15,0
10/13/22,19153.6,19507.44,18185.92,19376.75,20358.18923,00:00.0,384520330.3,241175,10004.64363,189042823.5,0
10/14/22,19375.38,19950.88,19077.99,19177.11,16413.81763,00:00.0,320790498.9,193226,8011.279891,156599903.4,0
10/15/22,19176.12,19226.82,18985.49,19071,2728.884877,00:00.0,52193810.36,45748,1348.907163,25799891.82,0
10/16/22,19071.81,19428.84,19064.63,19262.52,3688.035401,00:00.0,70898707.65,53508,1841.382345,35400062.37,0
10/17/22,19260.4,19676.37,19156.2,19552.63,10674.14774,00:00.0,207851976.6,120087,5296.954691,103143666.1,0
10/18/22,19547.7,19705.75,19094.65,19331.69,12613.60344,00:00.0,245418843.5,136464,6235.629598,121328163.2,0
10/19/22,19327.5,19360.9,19064.93,19121.38,8347.65234,00:00.0,160258962.9,98282,4106.180763,78837875.16,0
10/20/22,19124.15,19341.05,18909.3,19045,10230.68728,00:00.0,195712162.9,106347,5151.734698,98562315.41,0
10/21/22,19045.84,19249.99,18664.09,19165.2,10217.65923,00:00.0,194389671.5,96657,5128.905604,97581139.22,0
10/22/22,19165.2,19257.11,19114.62,19205.51,1986.518416,00:00.0,38105717.01,27343,1040.838266,19966615.04,0
10/23/22,19206,19695.3,19078.69,19569.29,5209.672019,00:00.0,101189146,58722,2663.887151,51732927.19,0
10/24/22,19573.01,19601,19151.2,19330,11579.50876,00:00.0,224107966,114756,5805.757158,112363008.8,0
10/25/22,19332.44,20417.49,19241.47,20085.39,16237.35679,00:00.0,322496201.8,158994,8137.58622,161603047,0
10/26/22,20084.79,21022.62,20050,20774.51,24306.77211,00:00.0,501019874.5,216912,12244.38868,252385816,0
10/27/22,20774.51,20877.31,20203.56,20297.09,17470.86974,00:00.0,359929866.1,180550,8661.566847,178475586.5,0
10/28/22,20297.09,20755.98,20015,20598.6,14586.91495,00:00.0,297686072.9,151876,7344.9502,149903501.6,0
10/29/22,20597,21089.07,20560.3,20817.91,9896.324255,00:00.0,205975087.1,108188,5023.212244,104562839.3,0
10/30/22,20819.36,20935,20516.21,20631.58,6776.684562,00:00.0,140423587.3,84041,3355.017122,69527959.63,0
10/31/22,20631.36,20838.64,20240.01,20490.8,10199.25402,00:00.0,209089292.7,131587,5075.092597,104047842.6,0
11/1/22,20489.74,20697.71,20326.57,20478.31,7723.948104,00:00.0,158273563.5,107826,3872.028348,79346618.52,0
11/2/22,20480.96,20803.22,20058.43,20148.22,15894.43152,00:00.0,324975786.5,159954,7928.478632,162131055.3,0
11/3/22,20150.9,20390.55,20035.28,20206.26,8085.824173,00:00.0,163666862.2,115807,4086.738782,82725929.61,0
11/4/22,20205.48,21296.45,20181.15,21146.71,13042.65631,00:00.0,271084597.4,181300,6660.568003,138422049.2,0
11/5/22,21149.15,21479,21083.63,21294.08,5579.673873,00:00.0,119018798.9,75392,2796.301199,59648117.24,0
11/6/22,21295.96,21362.19,20888,20908.79,4145.775756,00:00.0,87816226.61,73898,2013.188127,42646670.4,0
11/7/22,20908.79,21068.6,20396.66,20592.62,8586.007408,00:00.0,178229083.4,134416,4123.156911,85578694.84,0
11/8/22,20593.33,20677.1,17600,18549.79,27123.99245,00:00.0,529981030.6,329888,13371.15636,261434620,0
11/9/22,18546.24,18591.15,15567,15891.72,18665.09028,00:00.0,324480164.4,260935,9217.604943,160468743.5,0
11/10/22,15887.31,18154.76,15727.64,17553.93,16338.16048,00:00.0,278262928.7,243769,8120.560535,138327834.6,0
11/11/22,17555.02,17650,16330.17,17014.2,15261.90005,00:00.0,259920372.5,225699,7704.074256,131222927.6,0
11/12/22,17016.22,17071.83,16595.95,16781.45,5028.330594,00:00.0,84547302.82,82152,2487.50703,41831103.35,0
11/13/22,16777.23,16913.89,16222,16298.53,3445.107379,00:00.0,57045951.67,82000,1676.200625,27768674.34,0
11/14/22,16302.87,17130.04,15790.46,16587.39,6049.590756,00:00.0,98831798.67,148789,3033.791056,49588106.9,0
11/15/22,16587.37,17100,16506.12,16879.54,6351.700156,00:00.0,107013135.2,134792,3095.763635,52162849.01,0
11/16/22,16877.05,16990.6,16367.32,16643.82,5792.937155,00:00.0,96481510.86,103987,2797.16089,46576853.28,0
11/17/22,16647.19,16734.08,16400,16680.75,4747.999455,00:00.0,78856711.54,79009,2368.282165,39335935.01,0
11/18/22,16681.06,16982.5,16531.56,16677,5149.563591,00:00.0,86158046.64,86565,2597.231816,43452038.87,0
11/19/22,16679,16803.36,16526.93,16683.67,2369.321615,00:00.0,39429984.47,48491,1213.132056,20189753.85,0
11/20/22,16682.92,16730.25,16157.5,16257.27,3786.544057,00:00.0,62398998.27,65772,1838.102617,30298704.44,0
11/21/22,16256.79,16278.14,15468.58,15756.6,9618.548119,00:00.0,153514759.5,133182,4712.16075,75224562.37,0
11/22/22,15761.31,16297.27,15599.93,16207,8706.179693,00:00.0,139033482.7,114438,4335.576182,69253910.94,0
11/23/22,16207.89,16701.51,16142.25,16585.23,8278.438976,00:00.0,136346537.1,115546,4149.510227,68342878.85,0
11/24/22,16588.36,16790,16450.5,16586.52,5785.502712,00:00.0,96076443.33,85314,2893.561192,48053946.47,0
11/25/22,16588.88,16607.91,16326.8,16510.68,3880.670117,00:00.0,63970245.32,59718,1951.277069,32169448.89,0
11/26/22,16512.61,16688,16381.63,16449.84,2208.276865,00:00.0,36557838.53,52759,1102.123672,18248595.76,0
11/27/22,16450.55,16589.46,16395.68,16421.59,2318.234931,00:00.0,38294502.38,51924,1150.14131,18998885.77,0
11/28/22,16421.59,16479.37,15990.1,16206.23,8308.709873,00:00.0,134648047.9,131610,4072.572287,65998571.88,0
11/29/22,16204.95,16538.91,16094.54,16435.97,6696.107328,00:00.0,109739414.6,119413,3367.093949,55185412.2,0
11/30/22,16437.36,17244,16422.52,17166.34,12140.65658,00:00.0,205394770.7,200883,6134.217998,103774692.1,0
12/1/22,17166.46,17312.76,16863.71,16978.09,6003.802139,00:00.0,102441088.2,148387,2968.537365,50654203.39,0
12/2/22,16980.48,17107.46,16793.12,17096.93,5748.304453,00:00.0,97468317.51,166231,2849.766401,48324722.09,0
12/3/22,17095.65,17162.67,16862.77,16888.29,3321.775945,00:00.0,56368692.38,74062,1628.776034,27639414.57,0
12/4/22,16887.31,17207.5,16878.7,17108.14,4318.330173,00:00.0,73606681.2,84237,2161.350539,36838961.74,0
12/5/22,17108.08,17424.31,16870.58,16967.48,8223.327346,00:00.0,141066494.8,159245,4006.02392,68734198.49,0
12/6/22,16967.71,17104.62,16908.65,17086.93,5862.855988,00:00.0,99674630.23,118451,2899.748197,49299916.1,0
12/7/22,17090.05,17138.6,16669,16837.64,4596.769299,00:00.0,77537749.57,98118,2249.145097,37941946.61,0
12/8/22,16836.58,17298.59,16741.67,17225.36,4879.564765,00:00.0,82983904.55,104178,2655.951295,45174603.81,0
12/9/22,17224.5,17350.45,17068.92,17130.04,4094.163797,00:00.0,70348033.07,89507,2054.566229,35309911.94,0
12/10/22,17130.03,17228.61,17095.9,17128.95,1720.978989,00:00.0,29528568.67,40124,900.913203,15459393.35,0
12/11/22,17128.95,17270.31,17073.16,17083.83,2142.189126,00:00.0,36732542.54,47884,1082.691645,18566915.93,0
12/12/22,17086.82,17240,16875,17207.12,4283.737142,00:00.0,72876203.71,88573,2111.889934,35933796.81,0
12/13/22,17208.31,17988.8,17085,17777.01,6881.977994,00:00.0,121237353.7,169000,3484.814609,61379492.02,0
12/14/22,17778.96,18379.3,17665.51,17804.53,11603.83852,00:00.0,208192209.7,190076,5803.138311,104127007,0
12/15/22,17804.74,17856.69,17283.19,17358.98,7836.86438,00:00.0,137518730,130771,3871.729698,67949087.33,0
12/16/22,17357.57,17528.68,16534.69,16634.43,9636.152276,00:00.0,163941260.8,145507,4752.262497,80856928.77,0
12/17/22,16631.54,16796.62,16583.34,16777.49,3659.558415,00:00.0,61102377.33,73718,1880.412077,31397201.67,0
12/18/22,16778.69,16850.83,16666,16740.51,2263.068827,00:00.0,37893070.14,49835,1131.21883,18941512.37,0
12/19/22,16743.18,16814.99,16288,16437.64,5148.704055,00:00.0,85557967.86,88681,2548.322472,42349161.09,0
12/20/22,16437.63,17050.56,16397.5,16895.87,7297.200551,00:00.0,122457102.4,118784,3711.87139,62291940.84,0
12/21/22,16897.56,16924.64,16731.85,16823.94,3672.09093,00:00.0,61795238.88,60479,1801.032275,30311345.65,0
12/22/22,16823.95,16871.3,16564.69,16817.45,3903.535895,00:00.0,65367481.78,71427,1884.715807,31562910.07,0
12/23/22,16820.72,16941.04,16748.44,16779.61,3640.341012,00:00.0,61271406.99,66508,1788.049121,30098933.42,0
12/24/22,16777.6,16860,16777.45,16834.7,1587.682613,00:00.0,26716494.75,32226,807.73513,13591556.4,0
12/25/22,16836.81,16853.99,16729.2,16830.67,1867.694975,00:00.0,31387666.7,37268,885.957464,14889423.1,0
12/26/22,16830.51,16938.26,16792.93,16919.34,1912.632383,00:00.0,32233056.1,43978,948.790528,15990843.67,0
12/27/22,16920.27,16972.2,16593.77,16701,3688.87027,00:00.0,61930002.53,71721,1786.381117,29988979.71,0
12/28/22,16701.3,16775.1,16465.58,16541.63,4854.626248,00:00.0,80672825.28,85495,2360.402158,39232112.12,0
12/29/22,16541.29,16655.05,16485,16624,3126.961637,00:00.0,51869856.95,66030,1556.295795,25818697.06,0
12/30/22,16626.16,16642.16,16355,16599.7,4336.358334,00:00.0,71665404.13,72787,2082.265498,34411435.82,0
12/31/22,16599.69,16632.33,16466.86,16525.78,2275.815749,00:00.0,37676884.19,53424,1056.84203,17497052.69,0
1/1/23,16526.26,16621.69,16495.06,16610.74,1621.658096,00:00.0,26830485.85,37439,777.360458,12863409.39,0
1/2/23,16611.59,16779,16545.39,16667.33,2398.519207,00:00.0,40038265,48963,1180.516362,19706142.2,0
1/3/23,16668.01,16768.05,16600,16666.58,2715.723507,00:00.0,45292221.2,51380,1344.630826,22426595.9,0
1/4/23,16668.33,16984.54,16647.89,16845.4,5875.466851,00:00.0,98910220.12,101667,2893.730877,48714361.33,0
1/5/23,16846.12,16873.28,16755.45,16824.44,2377.149338,00:00.0,39993272.31,55381,1183.202539,19907515.18,0
1/6/23,16827.51,17022.87,16675,16943.75,5241.882622,00:00.0,88258497.52,86814,2612.049125,43984741.55,0
1/7/23,16944.85,16973.73,16900.9,16937.29,1094.350213,00:00.0,18530412.54,24637,555.003347,9397570.02,0
1/8/23,16935.89,17150,16906.16,17120.34,2386.785048,00:00.0,40509919.68,37312,1206.647515,20479201.46,0
1/9/23,17120.34,17387.05,17097.12,17170.82,7789.63496,00:00.0,134230942.6,106841,3809.925561,65651129.13,0
1/10/23,17170.77,17484.53,17137.78,17434.47,6948.376719,00:00.0,120269748,96796,3518.919615,60913597.71,0
1/11/23,17435.99,17988.76,17312.68,17934.99,7977.622422,00:00.0,139755720.7,104585,3984.130612,69799638.78,0
1/12/23,17936.52,19109.28,17899.97,18843.04,21572.2661,00:00.0,395381757.5,243549,10689.4068,195879522.7,0
1/13/23,18843.94,19988.37,18711.06,19925,15495.50173,00:00.0,297926330.5,191077,7729.660933,148615105.5,0
1/14/23,19924.14,21239.83,19883.7,20946.55,14689.50965,00:00.0,304722718.6,258507,7099.701823,147247100.6,0
1/15/23,20946.83,21030.76,20558.86,20865.25,6950.93143,00:00.0,144460691.2,136018,3382.722112,70306150.83,0
1/16/23,20865.26,21446.81,20620.55,21178.36,5919.848521,00:00.0,124790677.4,168221,2871.322507,60538221.52,0
1/17/23,21180.68,21547.99,20840.77,21124,6489.61434,00:00.0,137420434.7,146871,3180.980378,67372816.68,0
1/18/23,21131.86,21620,20373.11,20660.91,6753.226994,00:00.0,141955634.9,165367,3327.698041,69965083.24,0
1/19/23,20669.13,21190,20644.4,21077.61,3930.804334,00:00.0,82103175.03,96131,1935.465973,40423979.07,0
1/20/23,21076.54,22749.27,20861.95,22664.78,7016.865889,00:00.0,151531258.6,142587,3511.26912,75820925.8,0
1/21/23,22672.84,23349.81,22433.53,22780.78,8215.710101,00:00.0,188485959.7,181851,4079.843276,93614331.35,0
1/22/23,22781.75,23068,22290.04,22711.79,5905.916844,00:00.0,134332137.1,138699,2870.800753,65308371.21,0
1/23/23,22708.63,23164.32,22436.55,22915.79,5712.808229,00:00.0,130476842.4,134402,2824.55571,64521856.03,0
1/24/23,22919.99,23150,22477.38,22631.09,5868.567812,00:00.0,134455981.5,136829,2791.348199,63972993.65,0
1/25/23,22631.13,23815.12,22299,23052.85,7986.499897,00:00.0,182075631,194183,3878.145738,88406820.78,0
1/26/23,23056.81,23269.77,22863.04,23014.41,4187.550625,00:00.0,96575219.13,121459,2061.474459,47550152.88,0
1/27/23,23016.28,23506.3,22555,23076.79,5890.302921,00:00.0,135639000.6,132686,2911.628043,67058818.56,0
1/28/23,23075.61,23186.66,22883.23,23018.6,1790.536466,00:00.0,41241083.91,56974,885.014756,20386903.56,0
1/29/23,23019.81,23964.19,22970,23748.04,5302.967807,00:00.0,124681242.7,125976,2609.427502,61351012.63,0
1/30/23,23748.04,23804.04,22502.2,22834.18,5547.332257,00:00.0,128329394.3,141051,2673.072917,61828045.11,0
1/31/23,22833.52,23297.99,22720.82,23126.91,4071.640811,00:00.0,93646215.12,100057,2003.677269,46088035.37,0
2/1/23,23125.43,23817.91,22799.97,23743.06,6287.248175,00:00.0,146298421.9,137500,3112.633361,72431036.22,0
2/2/23,23740.95,24250,23421.5,23484.14,9171.100525,00:00.0,218702054.6,189660,4497.371163,107258771.7,0
2/3/23,23491.5,23725,23217.28,23432.85,5014.836859,00:00.0,117772754.8,116257,2477.300906,58184215.44,0
2/4/23,23436.02,23588.17,23254,23340.07,2931.520053,00:00.0,68610911.36,78200,1401.504945,32806264.51,0
2/5/23,23340.05,23436.93,22759.78,22956.41,4184.877076,00:00.0,96776692.52,104813,2054.01835,47503106.47,0
2/6/23,22953.74,23154.7,17020.33,22766.52,3687.277291,00:00.0,84646318.91642005,79614,1807.687697,41504223.98301398,0
2/7/23,22767.9,23353.36,22748.91,23247.28,6165.802671,00:00.0,142001956.61244405,133039,3101.849099,71448352.30468476,0
2/8/23,23247.74,23444.91,22675.02,22964,6385.549363,00:00.0,147136811.93918852,163320,3176.914151,73207636.87418815,0
2/9/23,22964.76,23014.25,21702.78,21805.29,9244.361477,00:00.0,207151139.78252283,186825,4473.188962,100235489.91672290,0
2/10/23,21808.56,21949.23,21477.04,21629.35,6993.877054,00:00.0,152158799.65357255,150793,3472.869092,75564106.41721967,0
2/11/23,21628.85,21909,21605.77,21870.03,2365.63172,00:00.0,51359683.45905508,48362,1166.167896,25318943.04683380,0
2/12/23,21867.13,22092.46,21636.1,21787.3,3529.922866,00:00.0,77180198.84325105,68337,1655.494634,36201104.78962916,0
2/13/23,21789.2,21902.6,21369.2,21790.26,7320.987862,00:00.0,158729991.69695912,152671,3685.797933,79924370.58460099,0
2/14/23,21791.34,22329.67,21566.47,22198.52,8132.341704,00:00.0,178724104.50709675,134689,4023.905578,88434932.63050429,0
2/15/23,22199.19,24373.54,22052.71,24330.12,10213.65239,00:00.0,236504004.55592511,195483,5216.985887,120842504.82937497,0
2/16/23,24327.6,25220,23482,23495.64,7093.565455,00:00.0,174180632.43195653,202634,3444.429714,84619339.53230788,0
2/17/23,23496.18,25014.65,23328.15,24576.68,8906.388069,00:00.0,214584201.18168909,249817,4444.071448,107059400.93608360,0
2/18/23,24575.46,24877.44,24435.78,24632.09,1971.402523,00:00.0,48568917.08284454,75818,944.234323,23268506.21571985,0
2/19/23,24637.18,25199.59,24202.89,24285.89,5604.372515,00:00.0,138225748.45263354,137542,2757.212128,68017620.37273111,0
2/20/23,24279.98,25100,23851.31,24837.85,5377.617237,00:00.0,132268329.69376446,148239,2682.918579,65981533.65292201,0
2/21/23,24839.02,25250,24148,24454.68,9674.19274,00:00.0,238825551.05615904,232663,4869.560947,120233762.42444376,0
2/22/23,24456.29,24482.61,23578.95,24186.06,10132.98555,00:00.0,243114497.77145428,209552,5060.127071,121406560.45851606,0
2/23/23,24187.82,24602.09,23615,23941.32,8899.627477,00:00.0,214429165.68430637,189912,4402.487253,106064319.80191897,0
2/24/23,23942.53,24130,22852.34,23189.33,8381.366,00:00.0,196859565.44980737,205000,4119.059093,96778120.22944926,0
2/25/23,23189.27,23223.77,22766,23162.84,3786.94903,00:00.0,87191546.46631411,86620,1879.473163,43277420.40935208,0
2/26/23,23164.46,23684.52,23067.32,23556.99,4239.979829,00:00.0,98969071.15518606,92060,2131.765251,49759507.08047809,0
2/27/23,23556.98,23896.6,23111.9,23488.76,6833.694192,00:00.0,160422411.94994099,135748,3453.478856,81074663.71356309,0
2/28/23,23489.87,23599.63,23031.27,23142.54,4289.055323,00:00.0,100215001.93403377,108384,2176.737678,50872093.47614849,0
3/1/23,23144.78,23994.59,23015.1,23629.97,6638.335166,00:00.0,156678321.46032987,160189,3338.479927,78801779.71781655,0
3/2/23,23635.29,23793.18,23197.84,23466.77,5545.441187,00:00.0,129876076.73929793,122608,2784.203585,65207223.16200320,0
3/3/23,23466.77,23480.01,22001,22358.38,7445.374684,00:00.0,166726189.69383193,152711,3633.305575,81330169.12195847,0
3/4/23,22359.24,22409.51,22159.79,22347.86,2181.66967,00:00.0,48681439.86382320,52989,1087.73274,24275097.09517530,0
3/5/23,22345.62,22653.31,22201.36,22431.13,3743.74854,00:00.0,83998122.93452940,74072,1874.46004,42059084.44749380,0
3/6/23,22431.13,22603.25,22267.58,22403.96,3814.48002,00:00.0,85537340.28535700,67047,1913.35716,42908494.29150540,0
3/7/23,22404.85,22554,21936.13,22199.06,6728.69819,00:00.0,149632253.80521317,101489,3349.808435,74502131.05712857,0
3/8/23,22196.56,22282.38,21583.43,21701.27,6376.112523,00:00.0,140418738.63784881,110413,3058.711594,67360984.21787173,0
3/9/23,21702.13,21824.95,20100,20371.48,8039.236437,00:00.0,169267322.25718866,171329,3927.336549,82659228.37379814,0
3/10/23,20375.76,20375.77,19570,20223.08,14782.69104,00:00.0,295176229.81007224,331098,7266.265725,145079001.50847424,0
3/11/23,20223.08,20900,19900,20610.16,6903.63815,00:00.0,140920677.89307100,183999,3336.25912,68098767.49070630,0
3/12/23,20612.3,22442.63,20439.99,22182.5,8707.67771,00:00.0,184224589.36910770,240772,4412.05827,93357701.75663780,0
3/13/23,22187.99,24577.92,21875,24175.17,11415.10216,00:00.0,263429817.20605062,404346,5828.677821,134529971.40982385,0
3/14/23,24173.52,26476.04,24000,24735.61,16760.84838,00:00.0,419146224.80505216,441043,8438.347272,211045042.33494952,0
3/15/23,24728.42,25305.59,23930,24376.62,17124.91528,00:00.0,421567950.17804360,496717,8610.15369,211991507.44208380,0
3/16/23,24375.82,25207.85,24209.97,25042.03,13895.72562,00:00.0,343875827.15313520,443018,6951.34097,172026971.99003790,0
3/17/23,25032.72,27830,24926.28,27450,13959.86554,00:00.0,368783638.26595984,417989,7081.144075,187043625.87768684,0
3/18/23,27450.01,27773.28,26657.61,26983.83,7713.01703,00:00.0,210962648.84233330,273385,3732.17618,102094899.26061480,0
3/19/23,26981.38,28464.43,26905,28058.59,8984.501487,00:00.0,250094877.75260633,324209,4482.174278,124806086.78616213,0
3/20/23,28053.81,28560.8,27223.53,27817.21,15274.38193,00:00.0,426636604.86022401,521216,7624.302056,212979600.09139321,0
3/21/23,27818.34,28500,27406.01,28194.93,9745.98873,00:00.0,273468260.77404810,347308,4871.75355,136714549.94619840,0
3/22/23,28194.95,28900,26685,27326.57,17088.13984,00:00.0,478195918.86456457,842204,8581.838657,240243225.01238697,0
3/23/23,27320.17,28772.68,27194.7,28351.32,15193.68794,00:00.0,425032712.32531960,781137,7543.2145,211074272.84996350,0
3/24/23,28359.55,28437.21,27084.27,27503.77,11981.42968,00:00.0,334540276.58819790,539515,5904.16421,164882920.63512540,0
3/25/23,27503.76,27850,27180,27495.84,6982.90057,00:00.0,192066887.51791550,297379,3454.14013,95000662.77137280,0
3/26/23,27490.46,28238.07,27439,27996.22,8160.38108,00:00.0,226911234.75476780,376237,4081.32649,113502760.22619340,0
3/27/23,27996.62,28052.01,26540,27158.96,12617.74529,00:00.0,346172422.85287060,536938,6265.74152,171895135.85011920,0
3/28/23,27159.65,27526.67,26674.02,27284.81,10181.368,00:00.0,275593654.62966700,526389,5012.07869,135660610.19310950,0
3/29/23,27288.3,28655.51,27257.8,28357.83,13493.1492,00:00.0,379860505.96713580,641812,6774.29976,190709909.59256330,0
3/30/23,28359.6,29189.54,27719.21,28051.17,17109.16643,00:00.0,486225739.31666643,650048,8452.202451,240269685.43607243,0
3/31/23,28045.74,28661.2,27529.53,28475.58,11268.5811,00:00.0,317859962.52664840,291840,5605.4496,158137403.11184810,0
4/1/23,28477.43,28824.8,28257.82,28471.96,4540.21476,00:00.0,129332227.55701970,129659,2229.29115,63512972.61640930,0
4/2/23,28468.2,28541.5,27871.91,28196.51,5567.55416,00:00.0,157000550.42461350,138652,2764.81789,77966891.15786970,0
4/3/23,28197.63,28522,27300,27814.57,14347.0715,00:00.0,402179481.31312330,280977,7130.7659,199914445.48394940,0
4/4/23,27811.05,28439.07,27657.76,28184.21,9778.62122,00:00.0,274758197.94011340,178587,4978.36601,139872537.37691780,0
4/5/23,28180.01,28786.01,27861.98,28188.4,9870.96557,00:00.0,279775327.25495980,185998,4895.17,138785165.66643730,0
4/6/23,28182.46,28201.1,27724.33,28048.32,7290.39769,00:00.0,204158841.69945420,133611,3642.0383,101995425.47987540,0
4/7/23,28050.11,28119.47,27782.43,27928.8,4221.13975,00:00.0,117939354.23585490,96462,2121.74961,59280380.21775870,0
4/8/23,27928.74,28180,27879.29,27962.05,2361.39118,00:00.0,66139625.86472360,54821,1205.02402,33752270.87050910,0
4/9/23,27957.73,28551.55,27817.06,28347.32,4254.47229,00:00.0,119650017.97373470,79171,2168.17246,60982287.64756530,0
4/10/23,28347.05,29779.91,28179,29658.09,8592.910093,00:00.0,248550885.10609088,143528,4431.896594,128211718.74490856,0
4/11/23,29654.01,30566.97,29607.04,30228.46,10300.79414,00:00.0,310245909.56653160,166233,5189.398535,156298835.51700940,0
4/12/23,30225.91,30500,29698.05,29913.16,7360.14041,00:00.0,221284693.96591210,167084,3629.52179,109139275.04353060,0
4/13/23,29912.17,30622.97,29879.49,30407.21,7483.772843,00:00.0,226553244.76130847,172377,3796.865913,114937954.37415657,0
4/14/23,30412.05,31049.99,29989.96,30495.98,10587.37769,00:00.0,323738460.29030435,218605,5241.42344,160285399.48960915,0
4/15/23,30497.53,30624.17,30237.62,30326.54,3991.00848,00:00.0,121303734.60059390,104733,1979.32793,60163285.50963470,0
4/16/23,30327.15,30571.93,30157.85,30330.24,4357.06805,00:00.0,132215351.40349180,97021,2154.33408,65377289.26588190,0
4/17/23,30330.97,30350,29261.37,29454.28,7022.15169,00:00.0,208287980.02753080,128837,3469.3181,102880110.31554180,0
4/18/23,29454.65,30498.99,29118.04,30401.03,8424.33274,00:00.0,253048136.82086050,142791,4200.35387,126175001.42391750,0
4/19/23,30401.24,30432.35,28619.92,28836.52,9969.73151,00:00.0,293446892.84759300,183319,4822.41214,141952301.73129450,0
4/20/23,28840.85,29102.49,27996.98,28264.7,8509.72609,00:00.0,243108809.13596720,160152,4164.42336,118978250.49699420,0
4/21/23,28267.53,28379.73,27156.84,27280.29,7653.16209,00:00.0,213838420.21940840,143335,3741.28411,104534650.48534550,0
4/22/23,27284.4,27925.21,27170.85,27834.15,3148.00599,00:00.0,86650796.15138410,72842,1563.96407,43043258.31850010,0
4/23/23,27834.15,27834.15,27350.11,27607.14,5495.28834,00:00.0,151525635.95638320,108030,2707.12964,74644321.14527600,0
4/24/23,27611.02,28014.46,26975.61,27542.36,8276.77509,00:00.0,227515901.03888010,141094,4096.10633,112601582.36338980,0
4/25/23,27542.35,28440,27209.76,28322.46,7045.03353,00:00.0,194975332.94175530,137616,3550.81775,98282745.61878940,0
4/26/23,28323.29,30046.27,27261.01,28444.49,14926.86784,00:00.0,429981119.76281830,268095,7324.9831,210975899.32150020,0
4/27/23,28446.28,29912.28,28403.75,29495.47,15799.75501,00:00.0,461332465.98682220,256375,7831.24313,228652565.59201200,0
4/28/23,29489.16,29619.56,28922.03,29352.88,6168.33408,00:00.0,180936780.79391100,113316,2996.64937,87911270.41613700,0
4/29/23,29350.16,29489,29082.47,29266,2052.1417,00:00.0,60179185.83027220,52074,1008.75553,29583419.26275370,0
4/30/23,29267.38,29985.57,29125.38,29268.64,4138.82206,00:00.0,122143550.73468820,91705,2012.76284,59408831.73325290,0
5/1/23,29260.73,29367.31,27690.27,28109.33,8073.14278,00:00.0,229007581.76646290,168078,3913.90248,111019302.13121830,0
5/2/23,28111.27,28933.38,27935.07,28753.93,5695.35118,00:00.0,161966892.88794490,164938,2803.55852,79730299.57435070,0
5/3/23,28750.89,29301.54,28166.26,29071.82,8727.28268,00:00.0,249780808.34964550,206289,4311.83022,123425434.52871190,0
5/4/23,29068.97,29417.14,28700,28920.07,5967.83858,00:00.0,173256789.71505250,133277,2916.20909,84676140.32343070,0
5/5/23,28921.19,29756.61,28820,29604.6,6166.02705,00:00.0,181114363.96638900,145058,3043.19027,89395916.13716830,0
5/6/23,29603.12,29912.14,28500,29133.08,4601.95346,00:00.0,134476422.41483870,99751,2202.41742,64374191.90201430,0
5/7/23,29133.78,29389.88,28900,28962.6,3533.91519,00:00.0,103048810.18836650,91908,1691.32037,49326694.58405620,0
5/8/23,28961.22,29247.39,27669.4,28164.57,7604.44133,00:00.0,215934255.63374400,152484,3612.76783,102600159.63247640,0
5/9/23,28158.93,28514.04,27660.17,27850.65,3674.35422,00:00.0,103278444.11687690,89170,1793.87946,50427690.20152070,0
5/10/23,27853.73,28356.27,26900,27700.37,3475.21213,00:00.0,96625704.64754860,102441,1641.47498,45666404.59534740,0
5/11/23,27707.21,27719.56,26747.6,27009.09,2447.12525,00:00.0,66665418.65684120,75920,1140.93135,31092178.96693670,0
5/12/23,27009.58,27125,25873,26809.6,3512.36041,00:00.0,93136709.59649130,118160,1686.73353,44735232.02602100,0
5/13/23,26812.27,27065,26708.19,26800.94,1571.21835,00:00.0,42191548.37199340,65316,769.61028,20664827.29480820,0
5/14/23,26808.99,27200,26603.85,26944.37,1366.04526,00:00.0,36766485.02344000,56755,712.19784,19173070.78250740,0
5/15/23,26941.97,27652,26766.46,27183.05,2787.44208,00:00.0,76145515.99473470,89751,1381.15991,37730022.79974550,0
5/16/23,27177.89,27322.03,26866,27041.09,2531.41453,00:00.0,68508597.32016610,86842,1258.66238,34066172.78808410,0
5/17/23,27041.09,27474.19,26555,27394.93,2591.42209,00:00.0,70045318.11592390,82529,1248.66454,33761806.33197210,0
5/18/23,27394.93,27469.02,26405.7,26823.12,2842.44347,00:00.0,76907423.27975290,92739,1328.53105,35971436.27259190,0
5/19/23,26827.06,27171.14,26633.6,26881.07,1877.94433,00:00.0,50490382.12133520,71412,919.75274,24730123.43933410,0
5/20/23,26878.13,27156,26830.07,27119.26,880.49261,00:00.0,23753514.52312200,35179,448.05937,12089406.19949310,0
5/21/23,27113.87,27289.82,26706.22,26772.21,1451.48442,00:00.0,39147532.44320010,47579,657.99942,17746054.16179940,0
5/22/23,26768.54,27100,26556.7,26860.66,2277.5766,00:00.0,61041548.58273340,81186,1107.78438,29693746.93253440,0
5/23/23,26860.66,27474.78,26800,27232.66,2143.28705,00:00.0,58348825.61824400,96453,1070.2261,29129761.30579150,0
5/24/23,27232.66,27238.49,26184.13,26340.85,2814.35712,00:00.0,74839347.32254030,85769,1238.69246,32942992.56166560,0
5/25/23,26342.65,26635.9,25919.52,26491.53,2144.22579,00:00.0,56455139.18979850,70892,1011.45591,26633435.11274430,0
5/26/23,26497.15,26955.81,26350,26738.48,1628.94395,00:00.0,43391093.13817120,61772,759.31684,20231901.45010380,0
5/27/23,26739.22,26927.48,26578.78,26885.33,815.85363,00:00.0,21830344.19639510,31080,399.07631,10680273.60800310,0
5/28/23,26890.1,28281.19,26803.33,28077.68,1965.13494,00:00.0,54010585.79337740,76804,1009.56362,27744717.08440890,0
5/29/23,28083.7,28448.97,27536.59,27748.47,1899.55324,00:00.0,53021706.32759490,64929,897.70279,25064768.56588400,0
5/30/23,27747.14,28071.05,27574.21,27709.96,1737.48133,00:00.0,48309807.53889010,63100,814.19949,22640620.08745660,0
5/31/23,27713.27,27845.86,26855,27223.43,2172.87605,00:00.0,59111655.51020910,104433,1032.75257,28093129.31965030,0
6/1/23,27223.33,27350,26645.16,26834.66,2390.55642,00:00.0,64358674.28401020,100563,1121.1365,30190262.06084340,0
6/2/23,26835,27306.82,26530.25,27252.05,2303.85444,00:00.0,62264076.90715850,100733,1141.15113,30846950.59652740,0
6/3/23,27246.7,27340.34,26940,27091.73,937.96491,00:00.0,25479253.34434750,50329,426.86692,11595922.58000170,0
6/4/23,27092.48,27471.04,26966.56,27134.55,1298.39623,00:00.0,35321994.45287920,71457,643.8623,17518533.50504290,0
6/5/23,27133.52,27153.02,25439.54,25792.71,3855.17692,00:00.0,101172467.28968790,167370,1766.08082,46345641.83185800,0
6/6/23,25793.69,27586.2,25417.43,27517.5,3739.42026,00:00.0,98645884.64081000,189780,1854.94264,48943442.02025700,0
6/7/23,27522.58,28800,26911.74,27489.34,2374.40374,00:00.0,65643886.89057100,120610,1211.96095,33531714.05052160,0
6/8/23,27495.33,27495.33,26402.3,26578.69,784.3899,00:00.0,20953903.70889890,46785,347.07261,9271860.847,0
6/9/23,26589.7,26750,26297.97,26482.9,1199.65815,00:00.0,31815759.61916740,74067,566.51947,15027858.09937480,0
6/10/23,26492.95,26530.88,25585.01,25934.99,987.27198,00:00.0,25604135.31811280,64765,437.27838,11341100.20960400,0
6/11/23,25935,26370.88,25800,26052.98,615.56468,00:00.0,15975843.93363780,40230,286.92479,7451111.404,0
6/12/23,26066.02,26222.41,25888.87,26115.72,670.28826,00:00.0,17456172.87358700,54351,283.12056,7375797.06,0
6/13/23,26126.27,27293.76,26095,26226.3,581.28963,00:00.0,15299650.30075650,50917,287.82913,7583669.544,0
6/14/23,26226.32,26448,25297,25533.54,450.46022,00:00.0,11740317.82946880,35314,208.36088,5436532.969,0
6/15/23,25542.47,26110.01,25200,25984,282.22222,00:00.0,7234988.05,31156,137.08093,3521462.098,0
6/16/23,26003.87,26643.4,25730.68,26561.03,290.04695,00:00.0,7601489.724,30222,148.93626,3905803.049,0
6/17/23,26564.95,26790.6,26274.7,26604.98,148.97599,00:00.0,3951677.537,34835,77.1186,2046011.87,0
6/18/23,26604.97,26789,26444.53,26476.24,145.14529,00:00.0,3860062.809,42262,80.91015,2152603.491,0
6/19/23,26484.1,26992.9,26400,26846.92,209.94964,00:00.0,5603232.57,29710,100.43658,2680603.24,0
6/20/23,26849.72,28622.4,26754.04,28425,414.8486,00:00.0,11455198.31072720,42831,255.79691,7084771.891,0
6/21/23,28447.24,30422.43,28333.23,29521.44,498.84075,00:00.0,14585687.44941450,52574,282.05167,8261202.844,0
6/22/23,29521.43,29875,28830,28850,252.02314,00:00.0,7403091.755,40399,120.18902,3534356.679,0
6/23/23,28850.01,29971.49,28780.01,29844.56,211.02575,00:00.0,6219537.166,39997,89.64997,2645127.58,0
6/24/23,29847.87,29919,29375.82,29539.29,122.13028,00:00.0,3622465.536,23978,54.55785,1619777.419,0
6/25/23,29540,29592,29297.31,29406.96,95.31864,00:00.0,2806267.87,20395,36.45139,1073613.144,0
6/26/23,29407.04,29685,29100,29294.97,120.15353,00:00.0,3529716.584,26086,55.83364,1641864.136,0
6/27/23,29288.01,29600,29183,29334.99,111.53096,00:00.0,3274423.78,17525,53.00792,1556585.003,0
6/28/23,29316,29500,29287.49,29419.97,88.85714,00:00.0,2611384.803,13365,35.86842,1054406.16,0
6/29/23,29419.95,29524,29200,29300.66,95.90648,00:00.0,2818718.323,14997,35.85154,1054488.287,0
6/30/23,29300.14,29375.67,28875,28899.31,128.46711,00:00.0,3747653.442,20031,44.50545,1301101.298,0
7/1/23,28894.82,29200,28800,29134.4,51.11399,00:00.0,1482878.959,8407,22.01095,638971.9348,0
7/2/23,29134.4,29147,28850,28895.28,48.39671,00:00.0,1401320.731,10901,17.71733,513532.8768,0
7/3/23,28900.28,29220,28850,29112.85,69.36794,00:00.0,2014477.148,15643,30.27133,880285.7854,0
7/4/23,29118,29160,28850,28881,53.94807,00:00.0,1561284.497,9412,17.16603,497416.3039,0
7/5/23,28880,28958.8,28000,28630.02,57.84318,00:00.0,1659053.422,13181,22.55432,646523.6837,0
7/6/23,28630.02,28801.06,28000,28009.13,78.66791,00:00.0,2231617.768,21556,34.02171,967422.9722,0
7/7/23,28009.13,28400,27201.11,27376.39,94.68617,00:00.0,2649013.958,20323,30.33843,849641.121,0
7/8/23,27369.87,27586.5,26952,27001.62,72.03345,00:00.0,1953380.833,11189,20.99909,570110.5113,0
7/9/23,27001.1,28040.26,26829,27576.66,69.43223,00:00.0,1913200.547,14941,33.19298,915663.0788,0
7/10/23,27575.17,28100,27450,27707,84.41495,00:00.0,2339541.204,17143,38.24217,1060834.268,0
7/11/23,27707,27797.05,26900,26951.45,78.99207,00:00.0,2153859.688,16702,24.22508,660537.8176,0
7/12/23,26911.15,27500.01,26777,26777,83.33696,00:00.0,2251322.3,14151,25.73828,696314.1242,0
7/13/23,26799.97,27400,25450,25937.06,129.77665,00:00.0,3402497.284,22873,50.95604,1339608.376,0
7/14/23,25937.06,26459.02,24900,25073.21,44.12468,00:00.0,1119799.411,7575,8.77299,224141.0896,0